photo_id,label
CFGAsffG9KDoeyp6ESWKNw,4
Z8l9NOqqTPcJIFxkltOjXg,4
gkplvgawtOuqnIiSHrPdIw,4
ycRyE92Alakf7yx8mcX8Dg,4
qFE--O0jR_p6mpvgxN7aGg,4
bu4wmlzwrZ-Oq7iYwrnYGw,4
eGO9F-CPkn3bgjmP7r9OKQ,4
eHsizQbfNE3RYN3noF4hyQ,4
qpWLv76ndJTQrjHZ4dv9ww,4
ODZaG2e0nmcal2tExB2WpQ,4
Z2Xd5nWTe_oa2q6soQ_ahA,4
s0klGD5w9gkbZHjLXNYH4g,4
B8s74Ak9Wm_lS8uaAon5_w,4
wAMNpenjEWfBt_2-GnohgA,4
QBStaKQ0Abhaq1_ZM3T0rw,4
iMCHzTJnY18DvnrmYLFlPg,4
lb2ZrcEOEjQAhDZYERq5sQ,4
V7baeTXIW60nJ-ZH5dDqlA,4
xyPZR5iSvrMd3JFcIR3UKw,4
N6oT9vEoYC-WRh9bai1KjQ,4
lW_edjIBVLt5HGrWLTFLzQ,4
9yBj5M6QPoj96hR7y_5Aww,4
4UPWWy8-BkI_WroPZ20XZg,4
K405R--d2YXCbL_du3Qsow,4
b-9LUsWxXPa786On5Q-OgQ,4
VsevUU5foWllLwsgypaRpQ,4
5NbJ82vYX_DrU9Z4U7-o7Q,4
Mc7C5FmZF5rfn3J5BJtKQA,4
mAXiVctUDS9S59yTfY3GEg,4
0ePqnZAsq2QB-XXgSkhtZA,4
hOAD4NBKcZzsN7jA6Hnb8w,4
UQRm7bjAM4HbcY3erAOXYg,4
q8EewlI96hYWb59W8kD27Q,4
_kJW0botBMVfkKfDbFJaTQ,4
7JTp4FKKDT2wuFp9-g9qxg,4
t3uszrPgZpf3UD25B8JpRQ,4
GbXIU2Mm3vHHTToatHv9QA,4
Sll22xs6AVOBklr2ChyUsA,4
VZ25AHwtgN2GnmLDpMbTPw,4
1TK6D7ngNFyBSN3vgXCiHA,4
Ms6EX2g6U9_L_a5cX2Ugyg,4
2zbb1d5qSNBYNNWCUMKmMA,4
P3l75YSxt4YFXo5sG7VTkg,4
GVeVCqVRn2q0YeXbhuekmA,4
8dca0h9ztEpoZ0BJvNyYfA,4
ZIQ8BwdfcmqkBBHlvXxJCA,4
OykH8QklDfw8MAsnWBhvBg,4
-03ad__GtOlSTHqdaq3uCA,4
nUcixhXNfZas0rJSu8FeKg,4
hrBvYnCZ7acqqMg71tPD9w,4
CBbFCOIHZV0BQJMRFQ2XqQ,4
3Hj34dkSbwpXbEOxhMXfiw,4
asi-u7KZfndtMat2uyzPAg,4
WPIt99OIZ0X2gfVjs3TyfA,4
GkU2JS4BgQBaDFByVwKBDw,4
Opb9mrSDYr_qJa7XW3XVFg,4
AKCpOVvGDZdCR3f_40al_w,4
KaOG_dkRgNa4ewXqknZW-w,4
JAMX7UkYYd8b-pTiQPFp_w,4
356O4QooKF2mNwsnXJwLrg,4
TCL7dQLp0cCL0KI0s_6iQw,4
WhV0UPkRABrAf6F0hf1dYQ,4
3SdN4XkCMND6aspjYucaTw,4
YiW3QsyNE5nFx59n0J_IDA,4
f009NUU7AsA_TyOJQ2NfSw,4
a_ZWpUBwQ-V2illR94v2EQ,4
cYnDDEbfjktleVuQ1Yylpg,4
tT6cfz6a9-Ut99syg1BgGQ,4
VL8XYyNFMSIC2Ws2JK9AKA,4
XPQlpeehtewP4Vv05a8BNg,4
HpmjTQFpKKKuMuOH1bWuog,4
nHISxJMSBgvFkzRzaMAQog,4
ZAScBPYCy7DBOMsp83vKdw,4
dZZ_vMbywHCXKs3TpLc5wA,4
7MB19Vr55Bt5mhD4r6JsYQ,4
OFujqXIOa94ijm8YEnvYVA,4
eDVBcxQGedPPwP9sJdLEKA,4
n5MSGPh1ExzR48bbMCy-og,4
zGGaGtSA-onQQTtQtI1xMA,4
4Fq12teVXwTNcFYKTeaEPA,4
QVs6XD5G4A--WhhVdYVCsg,4
y9x_EcDZposJGEP0oUACxg,4
Un4TwrRFpHW5MAe2ll0-fw,4
yrBtoZ6385jYg5BC4MSHRw,4
tNP23serCur7TNkVWMaJeQ,4
iPs8bs85qXoDwI-d5EX5jA,4
PKC7gbwMVmYjlvbM1CBeag,4
yYIJvYKknXSZvvT0fGvcoQ,4
E0k3WCp0om7gAbvLzB6u7g,4
HIQFgeO8zXj_8GF6pEyShg,4
dY50E8AfdenSc5d1QGbuoA,4
bi8qR5TKNWNtI0zQm8Y6HA,4
mSCpfIRxCZjxQAwgpNXJqg,4
db-t6TUKYGk4q7tXupL4cQ,4
w4Awjy2O4brcrGlNYnU6GA,4
FStTBAQ-3hd8iMjKwkjUGg,4
C7mqOc567FWZmpboOaeLkA,4
IMJzuRPIx8tdjRwUkOuKJg,4
7UUv1QjWB4FXayGLVllx0g,4
vKr68krE_H8q3ioReER3Hw,4
IcD-ywCKAWulaStWjdJrvg,4
yWQL0el6wqMygBjnj9ImFQ,4
Jkskt2CTH7vKwupUAWLQ-A,4
3NmO666_6k4R8YacD4S6PA,4
YJ2O0QR7x_cZTgUh1dnkGQ,4
Tvks7dG5rPsrnDYUieDp6Q,4
KXakRWZHsykfVeOXfwG9cA,4
1JNrY643m_-P0agFZFp_LA,4
jDmatlUl9p4VYnZMzWDT7Q,4
hf2AW_-WHHGaTP1eWaE8KQ,4
2mVTg1FatPtJAzA4OCRFCQ,4
oQCd_MLHqtSGPOjTd5fXig,4
DKIy1iX_pdvQLrDAX3gIxQ,4
ze6Dwd33ZuFQWsQRx7qKUA,4
uNKaMg-UQ93kYrrMchdzrQ,4
OTdZAMHwhmjufpX05S7N-A,4
3z5WMaDzN_X2q_2TllGqEQ,4
u5Dz5iuuOlSkWYFVGKzOaQ,4
CtNeE6-Dl7KKc0FRx0Tmeg,4
WZvZXS8rKuKK3lPYFw4_mw,4
8lHwwGuy9k4JE82KC8JICQ,4
Pt1ZSdKl9ueddY3mqR4wjw,4
pNmU_4BYbv27P525wF5ZLg,4
-NnDWTafiU7SId720JPtYg,4
KBreWKmQHjxU_dm-dcUYFg,4
GfEgP6-BPALDED-Vn3qzYw,4
xWcyssAYgOiZzXUmUHBm-A,4
v7yR_jy5N5fmeoOF_-ZG1w,4
K2Alu5k-aYcetA41sJKGaw,4
8qP7RuNQw6U3Sm8sRXm19w,4
Z5pr8BzcTgrSiB9IeHYJYg,4
JpQGZp6A8VMahIt3wWzmBw,4
SHlDSNLNsjvohH46_FpprQ,4
8OMkg9HqTAYSNbGWpHcjAw,4
rvgDnY0eiZCLB8lDgB9oHg,4
-PLKav5vU5GvUI1bV_Vi_w,4
vepTTUy5deQh3lfHdCzoHQ,4
d9UQIBqoldTsRpZP1MUoPg,4
65sj7Vh3Yy4CtYF0o4BCZw,4
Cf0eF961Lbg6IB-teyM3Bw,4
Wle3sSYDKnx05Z6L2qDLXg,4
J9oht3dEAsabgqFxFwtS1A,4
1eKErS9ISI6Np4dxN7lHOQ,4
8zOVlZF_zaLjmKZW0nc-nw,4
b-PYkBiuPUDnOqx36CGTgQ,4
48vj7DlX6sU9Y9ma9i_3IQ,4
P4fgTsTrCJw_L9AoACEYbw,4
MRR1E3h_WRsMHw47926POQ,4
kq8RuGFEmIQlkBc4be0UHQ,4
xxD_YJR56p7XBfc_BCNKiw,4
xe1hJ_gESULRut2fMhgN6w,4
cfx7hbxhl3MZ5wAiTLvTFw,4
nOBk3ZfyUIWlSSUIrAMWBg,4
_K46Lcmmj8CidE-ErEBD7g,4
wbYJ9S-W7ru1yLXw3V5dEg,4
siQywm39rHmkkk3WjdMvZA,4
Tm5JzZ4UJLl15-05ZaBt6Q,4
rMYcqXbdnBUBDSRXK_C_Yg,4
nPbl_TCZaolotEplILP9kw,4
PYbz_8UnzizppkzUs1Ym1g,4
WuwqLPiIMnvPojL1Iz118Q,4
2xPNxli_ZpUi-2D-Ia4q2A,4
oVlmzU5v6A15RzPnj-2xWg,4
b92a6vh3mVxj5jqniIalng,4
sfxhsM_IFFNah4fgxnOP0Q,4
sxhNfrkBIHiSrX1K4h0xVw,4
m4mXXLVBpXt93LotP244qg,4
XNe1nN8IkTxND0SSDlSHyw,4
-POTCNXiHG7lKRoz9opPjA,4
U-Dn2PBJgUOQMX8OFeTrww,4
N7Vlcz2yrThhdMT-D6KPnQ,4
zUQ542tq4DwpDxA8t-D0vA,4
yAOQcXQPUXq4SLi55Uip5Q,4
yG0wdw3n4zWf2iMUwvrEvw,4
9c_1Xrjn-QG5igTV7G5qUg,4
63hMcovat-3F_ip8vCPRYA,4
uMN-CHW5_j-GpZwrZM4ikA,4
W3a3yhEP1jsfuFeEHb4MfQ,4
sUyDByJv5w55tnpK-orIKg,4
UBGvKQYedCXAvxarVeXAlg,4
WKnXQOh2d8tUBpORjPyF5A,4
vV0Yfv_-3OYKqoXMTHrFSw,4
EWek8HfjGTvDLWJNmuiEPA,4
vBXaE1LqtyuOJnxPYtW8EQ,4
CPJDGM-yAKYmgxhJmzrKyQ,4
emEIJxBCNMnBU2dyV3xUbw,4
Uiv6qc_spvRpKRu2R46gsQ,4
vopNCMD2iCfOxseDCqZ-MQ,4
xjLrXqJq9ETwSd9alwiCRg,4
EOBNiV4fPsZlnqgTFBG5Ew,4
dgV5gSXPCu04nWvbTKJhsQ,4
hjBwHWoqb1rOKtgZ1gPPzg,4
HjYxB0QwzdKXlzB8cIy3jw,4
B3-nEXprj8KmrfrIOqGG5g,4
AyBDrkPSivu9BtfPwsyz6Q,4
K-DAuPc5LSvOpyjCtYA5Vw,4
-8fYGXn1p8V7mna--J6BIQ,4
kQ7M35bcWy8yW0yXrohByA,4
FeGCTbH4WRICR1hLwC6QAg,4
6kJR_NzQfat4lmBySNNwqg,4
uV-z9bOdKEk9aSV-D8ANug,4
Eo6FL1cWZihGd1f27p_0NA,4
1GudHHcd1ZSDxgsbDWHJAA,4
IhI0qxLq90XYRDaQeTpAjg,4
xPI54tfElUIMjLSfmPEyWQ,4
scyw0BUHu8FLm0NySvoqvw,4
PGT8YzyLSSlJd4RiYntxLg,4
aDuYOKkjN_1332cX3xnNKw,4
3Mm0T12WHEhfaF_RtfJJXQ,4
Yu23_bavFFoVhPu6I2T5aA,4
F-Hbvl62PaEQLgJX5pzZTg,4
TjE3s18JCgVlbz9UWM8I4g,4
eioU53aETtfhg-ySrypmaw,4
2yOeUb1BuIygp_RZ1b9Ymg,4
u13WnfYjfuPDQlXBQdmYcg,4
jf-fmUQ4MuaJJyTVj3PeWA,4
GP_8ZU8Hb_HdhozCwgNplg,4
-CUMri3meuxKjLfcMhIBKQ,4
A0OisacpzM39RikbLW1NFQ,4
v99KU-DM3q-zqoExZVRpmQ,4
uXabXeQwIEAsQ3YDkcV2LQ,4
6NxiYmhQmaa9ENYIvYzwGQ,4
YvXcnCZWac-Yzwn1T72U0A,4
WUoV4n5UaZ-IX1hcWTPakg,4
V4vrLkC-_4PYO2B2x37Gpg,4
xz8sdSd1W2pAOVz4Uv6U1g,4
144Uebopdy6aEfz4z-oelA,4
9z-PSfT6OHYUcN8YvIAhZw,4
yqNR7xJFIR5Denou4N43ZQ,4
wheT_eCGr_gWlAApwMcStw,4
6elZqA_TqJm_073BRi5Lsw,4
D8I81j37Pqc4jvwkwRZkdQ,4
i4wn1Tr3VpuZHGRrmayE7A,4
_u1ZISSACpAQ4x1ZS1k_DA,4
vgjpqCR6kEROFOX_o7h4nw,4
3IVj0aZVYaJs0JnfXKZ21Q,4
meHR7vzwMEPLlAfQXYrUuA,4
14TOoq88-2LIh4fU71H4qQ,4
hyVkFmUzzeT7JsqdMsMRuw,4
h-5U6lHGPFKwUnJw_yAujA,4
j45cO-1XZNykhpSaxeEJ7g,4
qUMPQsA7YVkgLOfyfOPKww,4
rzVmJkcNs6PneFEuM29TXA,4
RXQtNdhc7k2-eNcXvXhzuA,4
x37nCFd1VvGhcR9ZLnGw1A,4
mC-wx7dUQADBVCqPGrXpow,4
a7Kb7R6Dq9RwAi6h4sYkBw,4
WYXtcTekc77DLfYQTnsP5g,4
pwOxNLF4z1R7PpW7hC2amw,4
pN1gbJa7n63ULEWVZOsSCg,4
vrgxBBFgV-0eunGVerOsCQ,4
WqgbPumXUg7Rpu31RZjD9g,4
jjOC13_KynlUsb3CN9lNHg,4
i8N_8XoVpaddI3fDtf3tgA,4
I0GTuGf8FuUwo4Z2Qd45pA,4
Ox3CkEInkgp0WAnu8wjGgA,4
rnkaT429Nb007RxJLcG-Jg,4
fTl27WGiwEIszAiprPlTcw,4
WH8jrJPevupG2o7Rb05V9w,4
_Hw9XfOeYHPeTlIAI9jzCQ,4
TbSbf0cU4vzROuckxHvMDg,4
jyzFOd6O842m1dwqm867uw,4
_bk5IKt6p1F4ETQZdzxYTw,4
XWRBSwDHEHqbVGfj4UnILA,4
EFSBsg0sYyN9n4hAZl7Slw,4
dc93y_l93IquXMVxQy_a_Q,4
tzDJpKTJ4doQ-FodfTtncA,4
L0G5JN9ATkbG_uaGZi6mcw,4
OnSodHZI8LrGvfqqzr6FLQ,4
X6iimp4C-8wNrx0tir43dg,4
tUH2jns8vXezBBA8cZ63EQ,4
3sTUrjHBp7i8OfLNVGHolg,4
8hzpg88ojIxzRdnVVCstoA,4
siAzla27Eus7FFF4sVrv6A,4
PYZ8eSwHHUbZ_SbyPd70tw,4
oV87xaAl3quCxSoNUmVFag,4
OoPU6sdL7al6pWzU0HUN_w,4
hltKbCF8MvSPumDXYnwxJQ,4
DTzLBwJppA-B9TCVEDz2YQ,4
HeUzlF_5e2k38kdcevgq6A,4
t7iCi4_OXDdNyM40jGtSLg,4
J-Eut8nUR5ydZnI0LJvmWA,4
To5BDBeCiKpn49FyWpmVJg,4
arWCVd0psEO4THWxAc2zcQ,4
38BVA9sZ-N-H1c81MymTSg,4
3ZZnsUh5rt5OkJHlYr9UiA,4
jNNmq65pO2CrJYscb_Brlg,4
8l0K3CxIpT2LrVSZ4w9pbQ,4
M2wzQNSGPI9datEH_ShYRA,4
AZYxHzCDN9AdHBJcmX2X3w,4
rwLKwMPDY5B6GsgTjxy3rw,4
6IHQMWhfOqccwZtTSkn9tA,4
wM_LPUFAF9viFU6Vyx1rAg,4
wHN342WleJxStWh6ux__Sw,4
tZVHM-m-lGMdfTndLcWNng,4
4k7EOg9IhM-YjL7QYq2mdw,4
JBXBhslilzJKu_zjBEbGpg,4
zJBz_g2VI3dJ-123bttX4g,4
ISrwdi24s5xSgWQNgHWRNA,4
pZFqWFYsa2B1WzlrfWKpYg,4
2JbZkYbjZWYIwViYkRfGkQ,4
8ZC96ivCPdW4aVCXj_Kdxg,4
txv1_R3x2JhrJj2oKzhDnQ,4
6xWIsI3GWEFGxzIDsHip_A,4
RHB9T5IhZkqNW5yBlTxVGA,4
OchQYgEdw0PPSD1iz6hQpA,4
NDnnZgMKT191APdPrYnSrQ,4
r8V03LBcQT0dgH-oOJ9BXg,4
d-d4Nmlvp7fB_eBboRVOPQ,4
sxl8KsdFyqBLFXtOodbK3Q,4
UKF84bAA_r09IhUM3yDTZA,4
nGoa-mgiM3iW3cYhoQKPjw,4
oNAOXd_hNgu3aNc6G6HT2A,4
f_JbVQEe7UkLBSIw4gLsfg,4
iFugd1ZYq-TwoM-jT5OTlA,4
omLHiBQQDlJHZ-fFzsa2hg,4
OGec_vdBKnHM6ej5gY824Q,4
mjoOwfepw5JiLRAly0r4TA,4
DaNsJsuVFbnJIrDUAZbZpA,4
kT5hUZZyjpzcctpDkXmgzQ,4
pXv_V5g1YiyynQ2keqR0-Q,4
NQlRczbuV_L2tivCaYMcuw,4
fQIqpT0QgydA84tkbylbQA,4
EQzGSdPhDE96LnSCJdSmng,4
sV8ydyrm0yQYNxW8bFaRcA,4
5W8EOgIJ9QwJl71FpIpRIA,4
2RhoxAqu8lpn_McrfxSKQA,4
wtXa3z0iolxhzJnU8D4gCg,4
taBiWF73fDGeSi5gVgluWA,4
JBaIjUA8o3nn93L3xj_Oaw,4
kslZijVih0_P_4MxjAnPgg,4
IG2JBe146jTuIr5yVaqKqg,4
wzlKeHQOYQOMk1145DnUrQ,4
g1LVCxk5BlCZlCcIOlccRA,4
5w1tlZ8qpwox5l6jaFSpzg,4
w0n4sxcDeAet12EWsdKacg,4
BTSNrnrKgupuB99g5sk8Fw,4
R7qT4ohPTwgfe7edxML-1A,4
4QHJjZAjndiTRSipt6Snzw,4
HAQgBWs5v7XHqF5i3DsRVg,4
w7m93hDSZetqp206sZpzag,4
eiYm_UWju2ji7yGplxIrzQ,4
WB2qiDln_bmayOAknK8e1w,4
7bcQUT4y8B9_pgBrlWoJYg,4
mB3ASkjXan9ZAZL7Y0PMuQ,4
JyHKiISqk8BwDahinbcIMQ,4
fG0R-RTxL6rLB0Nfy5uHdA,4
XOplqNcra_go9vjnNH_VKA,4
s0SwOx6Mmot5vouUxCG9Wg,4
98LDq9Js44IHvp0tMcDVMA,4
AgVzZhYJfM9Wb955aSNemw,4
mxsqrpX0BxDQQJJspx7J1A,4
0cDEWR9CfchehLWlOaNbxQ,4
05LOuMiy5rdrIxfSqejJmw,4
ATz1tZRCO03ikA8xx8QVnw,4
mC8QM8xt8jOUMV65gJSXaw,4
AENk51pM8pk4j620NqgeeQ,4
JGb6mY8MQNmFJY0oQggISA,4
Pu_L6PdC_keNchnSPQMO7A,4
4EvH-kP90snd_v2ueYIsMg,4
tPe0pNJp0SB7NbnN1JOS-w,4
4tIycYU3zzGaRNP9H3UuRg,4
zontcNH0vYV4TnQ4eej2Zw,4
3CnzrQqJ9X6E5Vw4NHIG0Q,4
97VDCrfz_LbyYaPhX4dK4A,4
1Vo6fru5W2XObd1E9nAdWA,4
VdU2xxeSjw8gkR2Jl4IriQ,4
y_zlB9Silm7rYqmPoeFpBQ,4
Py0lTeFgiZdwY3ya_kieMg,4
y2AmW3IFNYqyJdJs79jrpA,4
ICEodCUQG7Ydb7iDfMvFGA,4
E29BkhLrF3fUBZVX7Uf66A,4
II6l_SYobcY2-cB3KkAiGA,4
PpwJve-db1oTC8LkF2MJRQ,4
SAgIbUnOoLU69Qw0qR5bMg,4
WNdeFxS7jsrCc9Yz58R1UA,4
FKH-1mGytZkM92LhSsQFbg,4
xGJQzI0vlbmaKx0Dl5wtnw,4
b3m695R0b9lg9H5Y0rW4Vg,4
xdxQhH8EjBwcJVkgUIekow,4
OhKb_EJqFwAJE9fc0K0Nmg,4
0RDQPQnqJL1qdA-gT5k_Xw,4
R4Mi1dInHN2vjYB97Czwgw,4
dY8ydH8TxL_tx1hdDm_5Gw,4
UT-gRkNEIzGHmucB4Ccehg,4
VRUqPz-oqVUhG0AjJ2AmVw,4
TuByvzQc9WiGErgRJ57kgQ,4
nS1KY_m-CiwbhLeWc7LmIA,4
J5oNabDLg4n9jHwpZSbVlQ,4
6LS-a9dhSxud0JYDz7ZrNA,4
36RMk8-13BqhmsdFozIH3A,4
ApUiERiuTLPMQr1pyeu85w,4
Z7u_8qCbRI3ccV1K6In8jA,4
5S0BptYdhiaX0bf2bjjrfA,4
WS_oydWFXvbycU6YBY8Ilw,4
0LizvchCnrEn0xazSPYk0w,4
DdR0x2fK10O4eYyWFzGqgA,4
IEZUQgaRRfIEUbr-rb5f8Q,4
c5COc6lZse3gBHhShoD9kQ,4
eX8nRUFXkZo-98osDq3Bfg,4
4CLjOibHr6xUKQobd64IjA,4
J3x8bmhe1NBuYfntH57JOw,4
NG6ubvcQCxhehAKBvOwRlA,4
sx-1NHlGw0FcPxORmLWu_Q,4
lhIk16RspYpA_0tXPSm6kQ,4
wsG1D_SjupF108NY2_uuJw,4
8tVF6zMNs4J9pe_OGAUlqg,4
gn8ykjb99vViaCQxo_jBMA,4
10VwUZzzcY96f0MvDrbPhQ,4
qxVxRz0Sso15NWHpo9bY2Q,4
Ury9FrKBcjrQlYMu7qMscw,4
3VhMU8iUuRq4oTXre1MS8w,4
dEf1FCZThAlAhABVOohJFg,4
qYJrq0ZR2X4rvyx2q_rVkQ,4
_kEXH-B6HM2ZM3C-GXp42A,4
IFj7fRpdTVHB_cQUylC92g,4
4sF8lSh6szCwxrT5_JXFNw,4
xLmap0ynhntf1oDa48whaA,4
TJ5R85webvRJMZ8xZHEtbQ,4
NBG7FsYzI0df6x8UBsN-kg,4
KD3cEfrQKWb016yWKY8S3Q,4
i_TIBXx__-foF5SVeAKXZA,4
tQakpz4_cmzmz6HHp4J0VA,4
cqHqSnYWEaDQ4pu44Ph4Rg,4
dmc4lJPvajeoH4oCsjigqg,4
0yW_eMSOwC_RD9qXScmqoA,4
COMF38hWaAdsiRdo7j8Tew,4
AGmQ5yuemRwAH14Z1etsxQ,4
Ppugy1soE1WF-A6bCTvj8A,4
fGV9zvAxgB7tcPRXkStGqA,4
3QrE5Hw7B1HFMN7lz3Eh3A,4
HmDqe5tCVNT9u_UiDFfMVg,4
yxxRahlno1cXByRHUs4cRQ,4
Y37fc3A4mHMpjrLMzv1g4A,4
84ekQH3pMX_mqZ16mjoAnA,4
QcmXG_H6jAXfMXm41OPRFg,4
voSErDkw6i-FNR4FtXyQOQ,4
ScrruglhkRAaSHCdWB-ENQ,4
wayKNhM0vT82icMXz2WPVg,4
fen9ule-G-rrR3St2hSEwg,4
y5VhGRsxO4JbH6M_TQStRw,4
Hk86VwoSOfMZHAKsZTPdHA,4
3yQMBy5uuoPHjkJ942m9ww,4
FswmaZoBJWU6V9-sfkXy9Q,4
yPymxOTSAMzA0BAhoscVYw,4
PYveYXFjbMnKK-JadIT7xA,4
rJnuQx4c3hTx56p7LSXbhg,4
Rc8xg6vLMcZ2ClYZwIpKgQ,4
rutKJih7Kn5CVwkznOeVcw,4
eCzfCMd3pFLIDX90y1hrgg,4
77rTF3M08AG5IzsObrj4ZQ,4
ziBEkScY3vFCCqfL7uZQzQ,4
6wAUP1alWbnOa8gzIKrYuA,4
rZEVTGx5iRuAorMAQL6bPw,4
0zDqAiZ0UYZkWScXCrLLZg,4
VJyv5mB33ZhL12KuN7fJ7A,4
7wFTPtiVd3pADXxBBl42yA,4
kvgQO-xw_zOtkpr9I3eDlQ,4
rFk_wxnaoMCg2uI94fa-_Q,4
fSngoBMFIBQy9BtPh2uBZA,4
lVRrkqcJAJ8tzYnZbe_3wg,4
pI-jhIIimxdMh5UkzbMzAw,4
bh7N69nRl6M8M4Uqu_VXSw,4
MECbsIdx8lRUb-3zzKr1Ng,4
a_pXEvHGStaAGImb3RHw8g,4
Gam-JImZN7HqSdQ8c01nNQ,4
x8vC-uI25K1WgqnlpBTqug,4
EihT8oCy1y2d-dSn-mEF-Q,4
OU8x_cx0JdR_t-BMjN5WMA,4
zLwuPe-qqqmeiwlkd6Kztg,4
ZuqzF6sJZiEE1gzALlo-OQ,4
q5uz-IQP51N1I0E0mkQt1w,4
deEi0CurdZCQD5xf93x5OA,4
BMeNGuPp7712A_QAt8petg,4
s7i8WljdrjuQHmVTya8_Kw,4
2udvzDPODvoCFQJSjkUSHw,4
YfSjoG8HsTqI34Jlu2qMsQ,4
NwgdhlcedaSWcpiveyEw3A,4
lMRwN9fiYgav2JCVjxAJFg,4
wIoqxQ3d7BhQn4WSaV1ovw,4
WmSgIrieq47j3tMpDj1TOw,4
bosbywNB-A6A8Wx2-6sXxQ,4
sAxocOhIqIN9W7wAsb7aLQ,4
mq0N_CROJWx3EwcM_dvsqg,4
RRvqXLHfkGwLF2fvkIvyvg,4
gb_YO88DEZeCczeVWdBHBA,4
_AdT21yi_TtCSzql_ZGVvg,4
lRQJYaKin1H59JHLqquzuQ,4
wKAPhS5UMMIZ-HTVBeJOrQ,4
TD4dK5-UhYX-SVDwyNf5UA,4
Z0wNP11ufN--nkWbpRKwCA,4
g8W1KST48ypltC8o3WT43w,4
20ytZpJGVJnmiENYZKdJaw,4
kPs1bGOQvmJ_RMwJB0dhZw,4
hqotkXjgEgx8ktkb1w-F0w,4
GN8rjWozlm1OPlA6FGkS7A,4
F-OMHBvzRR6v_sxB8ZQPxg,4
9OdLZKB-QdnroJzFfADPqA,4
B0DiWREMyqRMh29N8UHS8A,4
CvSvfGrO6hoyEBSKD3MvXg,4
pJv6VPmpjveNevX_pAwmYA,4
5X7tgFeFvDGDK6triwmllg,4
yDt2CmAukyWYQ1LBTunX1w,4
rMWBlLxuaVFDdHBNqZA6Kg,4
PwcODXVajm2KiED2gd5oKg,4
Y_ZMfNoFJNJWVmo_7wwong,4
rhWMLoriFNN0ynngUMSmog,4
GFx95r1tZ3dPyQ0zuOiWgQ,4
r6Ha8Qi_R7ZLgry0-V8rgQ,4
59XTgqwYJZSEdZW3XidtFw,4
AW71Qu9ALT_jstKNMVwjOA,4
lo-E6d5EjY96muyCYrQkZA,4
slQH1qy72d1SU9Lvrm65jw,4
YnHPH3x_QWx5ZykZr4QIDw,4
uH5JOC1FTBUSs0LNTb0Zag,4
IgVQLwtORXjaWAvZX1X_Ng,4
ulKXcMS33owEvrV7atElZw,4
mIkry4fKZlcGRAqBIpAwHw,4
_a5HHgpElOD37hetqSbmCA,4
a5AQwUJxFNCp2KYu5r6mZQ,4
ChqHufVp0-_YQe5SHosJ1w,4
iJMN8oFhwr3ELQk68v8mDg,4
yMot4Ziu6VX3VGsA6YHKmg,4
jkOni2_Tl6S241F_zDbGng,4
Py5866ua8_GZmArg-8rFFQ,4
26RBh9zW8KQwouS8Hg5CbQ,4
BpFJj6wOI-PTfNehY7xmTQ,4
iIoImZFqCbNWun7MSXvlYQ,4
mIZBHDjzXgiHZxA88Umq7A,4
wLsnCfF7p1xXtRiZa3mAXg,4
MGwqcRvqbACWMrESr9i7sA,4
v9ddzFxOv9Zeya9qamJw1A,4
YygT2cAwVOIijITMbt4X-Q,4
-Id-cYSpDemUDNQ--ON85w,4
C3P1p4h_gU-W_2HKI6vC7g,4
JewMJXmZnkpHWxY2L66avg,4
DDKdurDr79denQgIKsC4lQ,4
tHK3evOaiN0t3U7qBBl1dQ,4
LnpxbQwpu3E-E3guNqBRLA,4
Fri_ymPxBrjqrJvIFsFZrg,4
c_padmb4HCS1E7eI87epag,4
XeUIXQmfjuy6dMamVTrgZw,4
uR5RH3V8lgeSrA8DkqWKjA,4
-vNPC1PGSAa7c0CGTUFbVg,4
ykieheCNlkd_ioeKtGfLTA,4
qHTNkTm_mYN2_bbK5AQhsQ,4
HMNsWpi6eN1W9MsoR2DadA,4
8hKoxg9WMadQkmEWU6gZQw,4
nS_2nmYigG6ZmqTSLW0IOQ,4
lTWA-Pj13kJwiQqxjudLMQ,4
Yod3kuI8UzqDWscTpcd-JA,4
H-E0Lhbz1dcjLyORMTVZBw,4
smK0sNxmujECojPl3YfOpA,4
UmdSicKiP-_R5DIVDcLpzA,4
7yvnyn2hXXI8MkDza_DvPA,4
-rfI-OD_MroFEj8ejl6oOQ,4
MtKiiMoZQV7T2oosaoQRqQ,4
nu4i5WaLO4Fju97i99M9Vw,4
DBZ6JWYw60OHxASIeQbjTg,4
EOcELoGTwWuiG2Cr4Z6NYQ,4
aj6kDT0j4fdKM0bi78Zvcg,4
-flhwIgMcZWE90Tc2PlShw,4
wfooZ1DLAfNpXjigoHqKVA,4
NmWKTLRx7UpPqtBDGCvA_g,4
OQWnbVjvfhS1eJ-OMjsHbQ,4
pQapMaeRnwLhFOS0bGGqpw,4
nv2dQ_L-An4vorea2zln0A,4
qz2y0wgJ_08_IZCV47XblQ,4
PRg2J_eE0Bm1VmkJghNwAg,4
ijaadGzmOJViC6O3z7giDg,4
6vsanJOhWDKd5-XTgqGdGQ,4
qA2w9dmLc5eaxV3OdrM0rQ,4
Bi0cDq2MLr8gHmN07vAPXA,4
k1Y8KpE85WZA-1GQa0DlNA,4
0h3kxHxdPGJDBPEOVMtEtA,4
LtLq4aEGdBy-2az0ZZRaXw,4
3J2cgKhupQzj0e92cSdJWw,4
e2sJ3Oej7DBw_CI8MgPvfQ,4
pbeV5wRqXrz7qJFQKWeqxw,4
UymKsH67l4wmvNOqV99kjw,4
ZiBff4fglJKyMV6V-TN3HQ,4
OT1_4bTb_Y4eCnzDDPWvoA,4
WsSxA-msWAc1zvNKGI1iTg,4
z9a_9pL0bGMOO-oYeYBbfw,4
m7u8s1XuLnMPOYGEuqxq3g,4
PS7L2OM2q1evub2pMNjNwA,4
yytiGbzKD595gWtVN6kWeA,4
YtesXyfT9fF4EdqqR60xqg,4
SQ83iJQBNEWr4pYDZWLpOw,4
LqiDA-XXeL9zjFNIxLz0vg,4
F-SOI-HH8HGhgLawkYqKWA,4
zZJcnPSroWrsyMsWHVHuLQ,4
q-EgvUSEAaO_OomKbwikBg,4
AH567WLDydOxYv6R97MAWw,4
4p_Nc64qSGhioSCatiTKwQ,4
Ig_6uGmzq8KVqxWy_v_BRA,4
gflMWArcw0KT8Oqa_e7fpA,4
1cuJOqXwMUlN5neROVb_Ug,4
5PeijlsfH16iSeWeOB8EKg,4
JmZNHnrOMRN_d4o7ExRCpw,4
wQGnIx_FAQa3Y2Uprqsv3w,4
D5rkiy90HW1xpWpzZlP16Q,4
6Og0IAfBH4uiDdMgsHgJOg,4
vjl2OsHsgriHVt3rURmvNg,4
3833bWKeratIHI3yrVFdPA,4
ShCLxg9H5X78a1UUhZGJzw,4
KbciKn10iukLvzwgpThpig,4
oY0gk1rXoaZRTniZlUjdxQ,4
mbMAEk2py38wTF18rLAY6w,4
M-VNGeZJLLmXNpW5kyDvuw,4
XoHIXmo8_Aolvxi8qgjlEw,4
rVMDG4Y2wPZOCH3i-z53ow,4
RiFDD3mZT_I-CkFLcPzEPQ,4
5JOW1tSwJ5HS-JnLJGYGbA,4
jpvOBRUCkVZ9Loe3r3Fe8A,4
Iw0XzQKIBXEu7tg02ErOfQ,4
_mfn3u_ByK1hafZb64cg1g,4
a_Rtgqp-aotXkJFQvqLesQ,4
qS2OE_D6N8WLKAfs2tSIWQ,4
fS1R3Xddh6A1CYRS_YKCTQ,4
Bp1EF4ZjI3I5pYZXT34MeA,4
IUU47bWQPYmoSd1b-oRgaA,4
5HjETc-wYFzj83k783WbLQ,4
fsKTNHcGi3QNIVguYcRIdQ,4
WSCdNSR2V16-C6k2P6CREQ,4
_94D5ohUua4Aj13u9XFuIQ,4
PzceMX0o5QtAuUEwx4JlVg,4
tt41Ua05HZnzlr4hO2vk3Q,4
gBcF5_7mDGBHSdE2nioc6g,4
QXkiFSCr_kBk38csDX_P8g,4
LXOyTsB0L2_QJ_TbMxrlZA,4
UxLAXarGJAkDDIiEeBbqcA,4
-JbxFUaaUKxXhvitSEwOTw,4
tuqE9wwlU-kbV7CQryp-uQ,4
HpMajJMjVFS861khR4Tg8g,4
pNtjoG72ef0_EyTbQCuUUA,4
Y-J6yL3WxZ9r2ouyPYAT0w,4
Ib4YNM9f9nXoYXuIHxU7ng,4
yvNL6uXz_WomUMi4GHHdtw,4
ZsKTqFURHk3Fwli4lkYWyw,4
kll8SzydBt2PF20ejLHuHA,4
QJp_ZIEJWe5wd1aWc3soYQ,4
at4-zHyq3Wz864PfFxVohw,4
eCeNC4ut7favjfRUuF3w3w,4
mJICYJfQubDjg-NdnHPJ1Q,4
Fse9ZseoyyOjMpvU36DnOQ,4
FBn1I7XTEQ_eITLAmkFwMQ,4
PKEo5Yl8UYmiYflh_XVOtg,4
OBbLoXK9CKtCSoT96pXlqg,4
1LazP8p_zJC0xMlzJ_mEfA,4
9YzgQccANtAHX_P_JMX8cw,4
tBoT1ftCMasjuHmU09Ej2w,4
l9W48eNk99_6qZrxKhEZ2w,4
9W_GQYHOsBfBw_0e7Y0PAg,4
l4pJogaB4Pii7FL6gaSTKw,4
lozC7xN3BmQT11seSHPTAQ,4
P1PXWn7HOsofI4ADcIO87g,4
cKvofPwHNptGSj65e7hrdA,4
uXeb4Uenp4117552BO9WSg,4
saV7eG7P45IU-SWmOEu1aA,4
gNVFXLsg1I3xDlKnGRwA-w,4
KaAwS5AeKYmZS0KRHDkOtQ,4
67R1n1nNnyY9YfsDOXeTuA,4
-IiCag7A78LQM5NLsVRfpw,4
VZ32CnurHVQK4e5vnSuayg,4
tDiD1QtSIObpmxuwpmaUpA,4
MDvDYOOPuyt04JjFM_52Cg,4
lfXNSVKaf1h7nHGsc_3jgg,4
Uk5KMCJasyp_dldXqGdaJw,4
NVFw6SBR3PHzZAb3gaNA4Q,4
yyKbmPOVtPr7C8awet8Vpw,4
uBK-Rd-b4nqqlyF3ePpOzQ,4
v96XLaYQXn0OiDRjQzkZ7w,4
-wfY-RQrn5jusF9Y7ZzNjA,4
XfLpTH4UxNMMSV-xOgID_g,4
e474HJazzdefRGnlNtByyg,4
wKuvQ8B9XuyI0HcAsjxD4g,4
wmkoDXoXnnwdOgC27CEkMg,4
5yV3NOhYYrR1AMyFVrp6bQ,4
rfsYQvi0Npo3cZ9EbEgigg,4
6kKkXEZp34nb4O_tRMIXKg,4
-toVLJDFJamHTJ7Jnm_h8A,4
-FIR0pi9W-70p5y6UAMNiQ,4
xZT_l4RE9Byk9uF70vxflA,4
al5wnFqIfsPtBJ9V0JcAaQ,4
KwDIK4he01BMjCGBdZEJlA,4
q63nPq2Np6wdN7Gr5_Jk-w,4
E2G2Z4gVK1p56U7_poXCuA,4
yo6dyxk64Q1xkxG1E8jqKg,4
XN3hnkl5ED4OZkwkV7VJDw,4
sxLZyNcJgCkZ-F7ZmTFqEA,4
52A9q8V8_8bU8_DZscLVxA,4
trEhnTCVp8zPEzDprfo7Xw,4
MDWMOhYTgv_o8eEFRLLcBA,4
evTgq2hvGZ3AwgSUopqa8g,4
8hf6t4qAZRxIDqvVBDhYbQ,4
UnWCXGlv-9qd4cOBDtl60Q,4
6mIMWHJ-mmPzkYqXO0xhPg,4
1SEepRWecwKHXRkhnJtSWQ,4
YyIyQ2GhB4cgaqum8R5Iew,4
Bl0QByR633BpknaQirVVTQ,4
t9RqQSjMImtidF6qqYwUWA,4
sdRXbXWnJ2OMbUULwzP4kA,4
pumWD1HNSDTIdKYoGXP89A,4
eSTOrdnuGn6Z8sCEs-oR9g,4
fQ3eIKTO5WdhmJFP70NTOQ,4
XDnWijNxg9Q8AvKea5DaJA,4
oq5SR2xg90jSY4uJSbqgMQ,4
xjNoiAhilQeGZj8HRhld5Q,4
mbli5CL1wYYfK5K2acOohQ,4
4gHWhcyGDuRvbSjYMNZ-fA,4
Qc_MhK0mbN7VwO43ZGK91w,4
ei4N8uTzlvhf_eLSlOFoYA,4
ZrlQh-WhFSNR4Ua4fEQxuw,4
qhIg-aXak9vy5mUOddr5xg,4
P2sUMmA__4Ev7XsfrzQz-Q,4
c97JCoEv3V2MV-qkHW7Dhg,4
42Y6XV4AQzY9ajOpN5q84g,4
85enXtdgbQ1J5t-P94x0fg,4
y64_FaSgYF8AwapiIUTZdw,4
INsCad8Lmi9zPX_SBVtu9w,4
w3GDvktrtJCsjLMhF1afTA,4
a-yvPnpw14wtu7l9G2wplA,4
Uzb4xOrr1hOllh2XMBTGAA,4
MBJjQLAJaT3HYp54ILEU3A,4
qTwFoifKLIIzHiBYis7Tkg,4
kB6yfO0P5t2Y7eKKUEm9YQ,4
SQDVCrbEOt4ZnAGHnSyeTg,4
6Zvs2l6OnYhC4yyITg1H-A,4
BwRkTt31UGa3fRzdDb8Bzw,4
33Tw9AdrAAd7Gh-HW8JYog,4
-SiPj6hVNlRIon8XzWMUmg,4
5_sPeKrptPLZwEZ7S0UMhA,4
sfe9HAIR3NJ_F98bsq991Q,4
18jeCAmalm9QX7gHXSfwsA,4
HgkIRJX-J011a8JZeljLZg,4
U0PrzoX_3pVmVPTZUe11BA,4
5W8Zv-Kl59UiTBxqEus-jw,4
PPovhIdP_ctW04--GP_hTQ,4
aKY25vNMUB4oS2nc2E7esg,4
1UmG_xh4cti1mSNTE17kRg,4
_SY_0cR43quJ1VQgW243Kg,4
_5WqF-kD4Y9z8l_xjwjk0g,4
A7xilNtLF1Cv4k0A2fWcUA,4
UyQyyTdNZc8zn94xzsmbCQ,4
9TM35Y2v-396-TCtiJI87g,4
Evd9t1K8BSSn0jbpfKM69w,4
FJow_AWHG-uoWU0gYYkvNA,4
ivnq0EwAhIGlpq1iU5xeeA,4
JfVZM324hEa8Z1aXeSanbg,4
rRk_kXvGU1H0aWnvHmfnWQ,4
EZrpEp-wDq0S0eyiO-Gc1Q,4
LsaJ1nlSIDuykMTX69y0vQ,4
f6c11uoqPXPp4rO8JZL3QQ,4
sX_VoDDK83jbEQ1E_m_9OQ,4
TiS3DGXF5ESCoWG-uhHENw,4
UvPAbd1gNuW3PsaNmmsD9w,4
z-P32Pw7VDyiv2SGiMDijA,4
Hj-dtV73EPuKjbMSbYR4Ew,4
Jpqgte8cftTwJjCiOfdquA,4
pdPiQ_gsf58tJTPzExYpOA,4
Sz4Hhwu7J4jn9GQ9_5UxHQ,4
hTHwMh0a5gztc8f7AQsx1A,4
VVi_Vtl5WKJQPgBPaIsvwQ,4
FLPpjopoIqLRiz3-nRgAqw,4
yf-ZNXtgiZ7EYzQ7mCNm6w,4
4dPt8HVRSp641r0H8AGG8g,4
RGGal7k_iZSNfCiw9_5N2A,4
m7UR9BzbhTPKtXKrO_RL9Q,4
rwH0EY8v-xPwtf3VGnS2bg,4
bss0SLvaU9-xzJXwGY4zXQ,4
kUMahOvajO-B_d2vxLqZsQ,4
pEz6XscpyA0KYu5VjHBYCw,4
RrxrR-ZwCwpo5j0v_XsPug,4
pahUI_HqMQsoaxUcmYR1SA,4
AXxLnKWkx5l9PjMIiEeR7g,4
9_LATt0jTKNZHuies-jePA,4
zI0NCRQtGKKDMPrekoQUCw,4
AjAyl1b5Bc2QBOuYX-rv8Q,4
hT8TzuUjY1xaOl2VPGvK3w,4
G6bL_Z1VsEU7ubTDlBOm4A,4
K-ArlxzMvOs85iIGGjwg7A,4
kXIZZ7lfNwGxi4Fs04fFig,4
4EZKHL3RJUgG_qSH2fHITA,4
j0c-5VbCr1EFDZjDWIZOjg,4
yzkJ8rS9buBrFwZ2lgr3sA,4
15Wsd9W1UJ35sIzTHUKi5A,4
ab8uwUQFhxV5f0feUdb8Eg,4
KV3JmPYd1nL18toV7zYqfw,4
8n8FzjwqEqG3w3Z5k8Yrrg,4
gK7wmtvMe_dJKlE2g6I7Bg,4
xgEpT7NHCy2LiUR7zp2PVw,4
67goW5EBJ5pLGeEHYFErbQ,4
ZazoTzJRC-QaZnlbDmy_cg,4
7-9BBgqSf-aBhaUxB1_Ncw,4
Xkm8SCT5omJDhpS971iP2A,4
peTLN_nS-Bvn6SonnAKAMg,4
Tp-SUXTryXSoNHEvlGIWPA,4
lkQR6uRGQ3oTajWtoaeqKA,4
bhFYC8VI7BvwM-_75y-HRg,4
jSbnc5D5VFei6hHZHKxeYQ,4
mregxBZ3eyFIypAJyRlVbA,4
V7rJD3PWmOE_ksv2oMAv-w,4
GoG7KjUUUJUzH1WKBxz98g,4
IjqP3QKQLvCQvWICMdkVWg,4
cIIXImuTlDDQdO4I5AHzbw,4
-TFFk2PcWiA9mNWIRW4scQ,4
hFCllkLcvKhcOKaJ7N83hg,4
ZajUZLMAV8LLFu5jWgx3gQ,4
Gr-yH3TGvgmWgHO4NbNmcQ,4
SR0sef2vv2xcRzyC0aNRRw,4
IVTvqpbTWOBAd52d0J277w,4
NmfP8EGtd-ZQyNGVoW6PAA,4
N5Mdj7KoOK81s8nHP6g5rQ,4
dTfUQatxvPgVDXABGQVXrQ,4
1SdEVNsCKsT70IKGPt2jfw,4
EAm1Wl78r3oyIXgELUfs-A,4
zIqxYCQgaIdbXDpMZqGegw,4
qf5Hr84vNiijS8e1c6z5-A,4
Cvl0hY0rvfIHDDEvebDMBA,4
ixkN0ern-yC8kPo9eBEfDg,4
tTdNOzI_jbE_fkaS67Bsdg,4
NyVdeXoTEbNrc2OBW2tiUg,4
GRwo9bK6y-jR8xg4vtLvuQ,4
_WgLO_4LefVmeN4e8ZjEBw,4
hlTG_sEV3uBAg1bpPO20Zg,4
bRa9VLIzBu60nobCARK2Dg,4
pLpsFl2Kojl2JtacK99KYw,4
A4vuTLvZIhxg3D_e9gPcxw,4
Na83aejfkFpwoA9oaLilVA,4
6HKNTRiq7clpddrJt4723A,4
x2sbvjhFBkMA7u-Mqe05FQ,4
y65EzdSEK3TXxQ8qTEzfgw,4
PH7qX0lg0pGw3kdyvlcwjA,4
MLbA2dd608BiYa7Pkkzxkw,4
H7thm8aWWOkBJb5RjV3rrQ,4
KwZ1QAs6zdMml_ZvBa4Imw,4
4srek4zZW0lih5X90-vU_Q,4
2-F5mJMXSuFnnYjtnKViWQ,4
Gje_Sngsjqr_zhxwukvaYQ,4
jTQpg_tDLjJC8eJm4uVtEg,4
zl8xhywCvsEnsWGtZpCsrw,4
S9xFrjyZ5tHcDgfli4rTkg,4
Ab1jaFPEtj2y_yaevyiBBA,4
t3WvGmkZbi7s-4-8SMynbQ,4
xUWrO2lAIK4iJSYIEdtm0w,4
PorCf5f0anNudBwxZ7eZdw,4
C0S7p1OXZc6Kk6aLgxtmaw,4
dsdy-JXFaKzfs8-aF0sCGw,4
PT-j3MpjLSoiUqExR1FRtw,4
U-wBMn3DqiHoqeDyNW0WKA,4
zL_JCMoxZU3F46HBc7-QVQ,4
DiYrY63g1G7yeCqpxtnyIg,4
mNHhwRlpk6ouaj9gSr2MOw,4
YD2c69f20KGtmVpzVjmmiw,4
AEFVjoff1ez_Fk_3VFdg4w,4
aq4PSXwCSmhfoISzvRIexg,4
O6T6lCciUrLP8ux4wR3zoQ,4
GbkXF6kgFXzoHJeyosYxvQ,4
-5wOIaZeZo51f59uM6rApA,4
Q92_R0pIwW9Z8OlyxM78OQ,4
YN-3bmEyntNuUCKwIwUkIA,4
Jjj0Gqggp-h_8aa5pYUhHg,4
XT_AL6uSZyBjG32ZemIcnw,4
xbDn20EmjlP9tp1hJBUxLA,4
U5HdW0691PX3UvzNuPYsCA,4
JFVC-ivfqu-NhiPgsRyKFA,4
Sp72GsStKmb3x5z9qGp0FQ,4
Uf1Oji4DacKakCOGAjE-hQ,4
fM1yFHamtLeruI5e7lGlXQ,4
poZuWl5G_DR8605eygmtLg,4
MtsAS_r2d92qo0EN6H3Vcg,4
5oyQaWMUDzD_18sYBSzu6A,4
mC_-rSDm2QgtL4fhcavXTg,4
dUlCGFSgimEx-l2CdQk0Qw,4
7YYUFF2fcF2msaN-3GbdyA,4
9tZ-0Zg2JoAwhXaSxaaIKQ,4
Nms2YkD-0ktBhL9rApeVuA,4
5uh9D8kJVIJTt6gcPkg0TA,4
hqljvBgfnYxwD_g4GiAWIQ,4
3l2m_Xf618D43B8YgHLeSg,4
7frhm4GUO9MB_RtYp6rGXQ,4
mqqrSDUsgcVWm1ACtZrZ6w,4
UnDe6UGjFig3-ldToj1kJQ,4
2K52ERMyNxkQZK92FqnzwQ,4
_NWGPf2d3c7KXxosF2aUTw,4
5mxyEc5er-jWLUeRSPEhKA,4
yNTxCC01HcXgFoKjlZXd_Q,4
dW8K3mb8DmrrB1HV52s3oA,4
dr2QiL-nRHvvpxmIbcgjfw,4
rYGvZpw9WJJhFEqQWCeKAw,4
wUj69mCHnroF_LbsJ_WTNw,4
zKCThjkL70emUuo8Gm4-Yw,4
0TW7N7Ehm0UYeF4EpbTSyg,4
EdwYYfpUaInb9K5yjGdVWg,4
dw91aZX4CVAUiXDrLQm6AQ,4
3ydDJl8TgZIZJqkIw_WwJA,4
Pv0uuqZs6Vl6CPi_H_XSUw,4
FochQeRj0KTcAX5ZDzR8ZQ,4
T6xyBbr3agiDigm4jQ6u8g,4
oGJ1mleaFXNzcfdX_tVIxQ,4
p2wKpAPxectEoR1DZkndVA,4
9IFoIRaxMUAEPNdgNC8Oxw,4
u90jRmjJdpd-l56JfHYmvg,4
XemMiGWFhkSWW6P3CZbEbA,4
J7j2dwA1hINpM-jwcKUVnQ,4
vARwm6J2bQ8cUeIGIzXTLg,4
Cjna2VbtMYtXOovjmGjmkA,4
NMq7ciSH5KvoUlRoq0Hf6Q,4
v1Qc1IwohoZYrwRdiafxcQ,4
NtFjs_RqWMsfVnBb6kSljw,4
PTJ1ByM-KdCojpy8kpjMOg,4
rSUUJd05qtuotBfccyNZmw,4
bWcZsiRQb1mbAMSARBm1vw,4
87J-AwK2mtJtix9aJPWwpw,4
RNhcGSsQWVi3F7fESnim9g,4
pj9pX1zR5fVev4eN8WiVeA,4
GKoJdPU4xYIWizXJktiyBQ,4
61m01HKPGd3HBxflAmFkqw,4
NU7dtNeOFZsxM_nGAfw3ig,4
65lALfEpHI_0JXv1RGkS5w,4
ffMGtmONukUv35aobOiDiQ,4
KAE2cSVWLOCSMSuNxG5IcQ,4
pH76-nHjBwBeCLU-J4-f-g,4
7j1D1f37lhfwKpnLm6rwbw,4
OVyMrdIRJG4YwNY54ASW5g,4
jR16iwSTpmFjtlfUcLxmqQ,4
urAIbaXeCrIMomP8LPyVZw,4
SdMWr4TOm3KyMAjOLktTZQ,4
F0HmAW1HvI5cFSqOud3nIA,4
eYnaYRQEWGII_PbVSWI4jw,4
SHSM-rVgVeRO8kbKKlDkcg,4
5baXzlufmvrRjGrJLIPy0Q,4
ftas_27N8DfKakOinLAJIw,4
Fz1rrO7k9tOi8016fVfQGQ,4
jJs2HKsvvRPFTUgAADRfxQ,4
7AEHFAtOosqdEwmqSAVKmA,4
xzwC3Ha05oTgB2MHeDAkmA,4
woimSNM0M4ENgqjL6Hqb6w,4
Jg3FmC-oDzMZmaFn0RFqxA,4
gw2R-0QH2KFCsYOkOl38pQ,4
SoALh2foPunejaAtVTlDJg,4
tQwGap1_x0oHRPE3Hbj5Ig,4
zqoPGydzDIksWU_TruT7oQ,4
47NXjnW9oox1C6o0HZKMgg,4
D78v81DfGo8G2XVTDitpjA,4
VJc1JGVyas0IHct-c8kPHA,4
pqQ02uFhu-nHnY_UXznxhQ,4
jyOI2N_g2KfmeGfsD8U6AA,4
ZMSZJ8-zL2QVhlGfj3vssg,4
e3oV074bAoV1FNHAViymnA,4
UlsFJfQ1BRmAjVzqXyQaTA,4
7ISS-S38CSAuSaOjKVH8vQ,4
i55kkW5Hko7h8U_9dR57VA,4
yofNLqAPaX8tdtjqLMKCsg,4
gCU3-B6KbE-AXO0Uj-gYeA,4
D7tJ_nAh1IcbD6Y-yNz7ow,4
DdxWH5lsGpROAoNQBgKF3g,4
opnfG7u3lManHwO2jqPZmQ,4
6U7fewhMdkBX2cjpthWcGg,4
XxBYltQwYri-gRMS3JS0pw,4
PTsUrYQVPkbkcrQZ30lStw,4
yZBu837-o93EBIFM-kWRUA,4
y5VDuN3JYYhSgIt-eQ2CQw,4
TmAJSIn3Hi-91bZsWSysEg,4
Xr8fUQlfCUCHuCchctL8Sw,4
qLNk0ahF6h6ZDlVSkPeoMQ,4
xnJt2CvGxRXL8ZvzYQoA2g,4
ldjwb3WbpHHvnGfi8CRoBw,4
OKnLQ3PrIh-e-9Af8Vlz0Q,4
l2nKJvQKS4JkSck5Ihn_8A,4
e5QHWXS5b0jvOkEcQ2pRrw,4
pqX-sTpll66T8L1iW2jhXg,4
3AN7guvesW0lbgdwV7fy9g,4
mnF0AqTNgj9KZpCe452EdA,4
TLfm3-ZS4z4O97788YAYBw,4
RfB_h0PYoLaWBVSwSmavDg,4
idzjkgmKBzVQbbS_qBCqkQ,4
quVWzC0Rh8FSUWgOBZG_3g,4
5qaiNf8GI7yNT8CFtj9hwg,4
z1jHM_2Ifzyx1V14ndW0Kw,4
yWSPt3nKA2xXd2R62HlVlw,4
VQ--5c7WS2PbRsTPV0EN0A,4
E-JDxQLHBmupWNFW6hvZbw,4
ohpMUJ6Ye8UdP8G-elsftA,4
RuuvaU7o2rkOk8S-6uKpag,4
N5krYQDAXBsvjmU1mHnW0A,4
n644r4GzWPxQZ_L72iviVg,4
IpEaHSaSt14gRavKTMtP-Q,4
vjYxJ7_3BRoHJY6z1y5MDw,4
_ufb5KBppVGbZC97uo-BdA,4
6riwrK-CxX1VAuUDulBjzQ,4
oT3OhxLPwUpeMm9zsOh7sQ,4
_QjE3YiFlWREPDeQnEWOlQ,4
1vE0CGk4jp5FU00k1I0xwA,4
jMyRtZRvpWjxk6TH5ByAxA,4
ftUgIrV60Hh7ab4eWBBEkg,4
GshW71xcJNAzPOdkZQNnBg,4
RR8jIhLVqNREz8mzERgWaQ,4
B2EgDQXPP_Nk12dapqnggA,4
5RUGXFXM2K0j9I1WmPcDwg,4
uXJY3xOWcNMhbxtQMQOJVg,4
0jRvSq_ue6GuFc9l_mxrmg,4
SDQ-uLp3NnEHxKk4W-FiRQ,4
pWfiiPVzhFTpyNDxZlowgg,4
z2jg_qteM53YXylHWR2ozQ,4
-kUldy59zFdBefmP1vTP4g,4
yqIIFUJg2HjpD5lvxEnTGw,4
EXCkUQB4ym2FRL63H8_Rqw,4
BOwcW6al-bnc3lJBpFH1hA,4
QzPZ8qmkTjb8jgT00KhPuw,4
2WgVOm5L2Hsjsk_QePT_EQ,4
BJoOH2usmAgGHKUWNdY15A,4
v37X8FYB84SS5YPnlye3Lg,4
_6vcEAqpOvL0GtjmBuPtPg,4
2BNuOKgiHClyiNhfzw5Yyg,4
IHI7maky98pli1c0lXU0kg,4
859fyh1Xc4lGyiVTwZDlCg,4
0Gjq7TWEtYrYA7xvRDsQiQ,4
uvX5Cep7lkXg0XSO07pdyQ,4
2-wunIptfDwiGrMuTdUt9A,4
DC9xJpmRLqtRifA7LUK14w,4
zQycEmutn84s_LRapa2ONQ,4
Y6WErCNSG0ZgamC0uu8qGQ,4
7exn2z_GmVJ9BwRGZyDwCA,4
TS_lTh1KnxvOQ6vFCdaa8Q,4
FdQMRlbzUZs3zSqu2cgdIA,4
SEbVvB1-fEoYf6-GWrCysg,4
VeXjM14Q41A3HCtpRRLWvw,4
W6_AA2_EX1HdqRWEQ6G33A,4
l6vAy63fnnpJmDaZ-np8OQ,4
ty8gJn2gbFqMKuSSAl0lLQ,4
8uWFHCQ70uFV_99Kxa5OXA,4
As_9pp26w71l35_49hkAUQ,4
wRiDazFbN30Y2RJELj5fmQ,4
tEbrI4fuiU_85svn5kKGmA,4
aRMYicQNhVGoz_IehdOJNg,4
QUG-g6WQi8DkShPgV6gyJw,4
4rrP7MUs4xMWfj0IwVRJZQ,4
WgnkO93nazYh9ubs1FvOkw,4
nFTMYd8z-kfWHG2xplr68A,4
D4MUvtoF4iFlU6RXVKRHiw,4
pPMM41pyrFnJPUeDIyU_vw,4
cSiyQAtU3h-a2c4B5fPK3w,4
7V9DRrPSJMpxCQCxPJJ_kA,4
SqSrj9DqXU1m5TQve8J_GQ,4
jBE7nyFJcQoJA-Ib1xRoSQ,4
AYuozDUfPVYrpfpj5QYtFQ,4
3XpVIPA0uhA6tjmqdBow7g,4
pql6Jj4HQ79DRKwbisNLcQ,4
Pje9WMFJQ5sqa6ZEX8zBuQ,4
H9jvtzeSKgE9mY3lMUBqvw,4
Buz2kqvYsCOL37lWsrJhAQ,4
t-avz7Z2CVSaMQv8_DxgNA,4
ZxtpiRWgz9wsLZbvpWtm1g,4
HerdEhOKOKGkiHHo-ecnbQ,4
crx35Ooe8b5uztJYUSp0Mg,4
sal6jgytJQu1yn3fnOe5VA,4
H6uouJLKcY3pSDLTIJ-yzA,4
U7ZH4sqYqXqZRwk2f3gq6w,4
0bs7Uunqm_IdoksCzusiPA,4
FO_Sk0s_nHo1GYeyrpnwLg,4
9omJROSMpfOOhy7XmE_xZQ,4
QmIFJRK_NCOMHCuaKioggg,4
8Ra3wGmQDr5vxdAHbnfEfQ,4
Ib-uuB8ZxBawW-SzVlez-g,4
AWbzzGMpqU6TH4eWhc-H0g,4
85DzuiZUK340ZJypwlp9gQ,4
dB__8mPvPX1xPplVCgNThw,4
ntCe-xBaOGFSzP9-0SktMg,4
hxjYIzIJFUTUrwEoIVIGUA,4
BFPwyKsns3kQdwx8vIL46w,4
VyHD93QWC4vMSZuYCvAXAg,4
j3cJdixHrAxIMnL0dakyLQ,4
QM3QZrQ0zDNws4hFfY7Bjw,4
AL7WUXBEbUXD5CNYD9kG0Q,4
KpjsKR2FwmwQxJoXaqUaMg,4
o2TX9Fu6P6nX2ZDuOK8Z4g,4
hHQpPJ-siFgwCk0dJxgpOQ,4
Y3CrbVtaTFc8bH0OyNf-EA,4
Zd75e5wLKXvjfuO56WJbmQ,4
aNb-M_jGn1uaG4FaQkuxeA,4
YCRyPb1WoK2DxPjyS2KdlA,4
MtfYt1MhuTR5zi1I1lb3sw,4
NWWkG5W-0VZfvYI7fygEwQ,4
WtaXhhECMXnOGIZuUxeGkQ,4
FXVHN053tY6qjIxepMp84g,4
2scr4-vRbDryjcSRk_JAFg,4
tD0aBbr7sv-9Tf62mv1Wsw,4
h2VnCeNl_wMRLmMlmWPocQ,4
93Fdc16vGVnYjosbUvGU4w,4
mf5PbYsyUc1aIG-oo4QCiA,4
UuTRQ9sZK0OJu4osKIWakQ,4
3kqXGLpH-Hiwe4leNW7Sdg,4
JY-f98mfzRxrcYQBiJxkjg,4
nl9-6KVbqJVlJUpOv0vQtQ,4
VuC5BULGFHWFgF-ZxK7gtQ,4
LqW4LvtxlCvWot4KQLMR7Q,4
ij5yw8oHaOzb6_y9rrKkyw,4
1T5pPv4XrgU_UpdMlPumhQ,4
90oM6Ugf5KO8WUzMzDYiXQ,4
K8-BTUAVsVBUwAJ7U5hi3w,4
M7LJD2dgX2Hh1UH2o_0Kew,4
N-1JdMnwHUWLWTL9yAnwQA,4
DoDNVFdd_ABqK7KtsF1kvg,4
3pfA9nKdPx3v6FDtKIly8Q,4
79s2UbVtdO_HK9obpxqeQA,4
UfryxqFwft549plPg-bYFQ,4
MmZmNvzDpuEiQrp7dLRr-g,4
3vrZe7mnjb0AY8fRmLHGYw,4
3rJFdZLRXXpDGPV1fzzsAA,4
Khz192gnJVgdgXA_5mV9YQ,4
we7RImtO-rMFHhaRlsLLsQ,4
1ETolvvXktPpbNfnPcrNoQ,4
G1kxWmBq8ZeCqSkaUaiRxw,4
M4MsB91CsJcAY3TzpEDwbw,4
jmWDnBTKue1BEA26lydXeA,4
npx_iVewLDRb4iotoTH4Hw,4
BhljUzNmsCgn7lNJUfQuSQ,4
gwzfio8Tzs_JJdKChVcRNQ,4
xKx_44xcT0gqlwPG4IJAdg,4
2vjpCl1bpA50ETIUSVFO6g,4
Vx9IWm3_cwvaF3z7ubCKRQ,4
78IRuX8FUwPMVQGh9lOtXA,4
zuZW5Oe5I3t6G5N3bDlViw,4
TkAs9ZEgKMVsHMJeQZn50A,4
hVFwUxPP0m__F4_SSRS11g,4
ptr35w66PiwcV2vWR78-Ig,4
-9I-Othhsa-udVHX5yjDhA,4
JE4a3Xk6A2IDWqUDhVOeQw,4
Kz31ioMXpBfA3r8l20w46w,4
mgIE8Z-vHLqsQCxacNXZdA,4
ZwOSGUZlRHjY5QJbSo2PvQ,4
HprTvtIvCxpem6YisJAqHQ,4
UF2bT_vVeuCKytLKvc8nkQ,4
2Le4qktBJLcTe6DJyYZcBQ,4
q-9FooV7Yav-tDG1JZI54A,4
oKXI_BcdSeZkpopmQAfkUw,4
KtQMpHViACnnJ-kAHkuWww,4
4xJu8Tch4sN-KLjXXxYTpw,4
pvoDbtVWBsDbezajRhAt4g,4
Y9nyZm47f97C-ekblEcbXQ,4
7eO2kl-Z9ezty-i8CdcmpQ,4
nAeMGOp4gYEywywS2ADKYg,4
Q1u0Mte5OcBmpDGv7EtQiA,4
PK2pYhljCZNFYitG1zwxaw,4
8jylPIsfqWILSvH0a59YgQ,4
tV6u7dYdDXKI7tMl1bNosA,4
6Ub-ctHYf2Vbz5l5lrHnng,4
qmIszX2ixKOWNoH6lDnw9Q,4
CV69fr5mhJ5n3VvWmCV1Jg,4
0QEROyB7s2J2mPt7hv4-MA,4
aAjTeNgUS--m2ugffwnjaQ,4
NJvhQvoU-11uZWs946F8ZA,4
5M5MoA-7n2WYxX2en3NMRQ,4
yxssKb9_Gj7cMydFOBFFRA,4
gcmfAyFOkN6n4Nw_kdK1kQ,4
QLkgre5z2yaQszFwUQIfvQ,4
xIX0IZf-51mtCjO-gTIlHQ,4
7sa9sr2PdiU0PGcmkchr8Q,4
LfF3PsqcDPVvTi7gGleZyg,4
gpNzrGUTUchDo6gfL8-HZg,4
eBdHzw6VxJxKs-zN7mbNBw,4
MJt4zafxdh80HKRfGMwglQ,4
IjR_W5J8pKfxAV9gfSwdrg,4
9ohaWRdnHR_qn0-uvr3tNA,4
ZTVSu6FVYPNqUgew7TKSBw,4
5HwyX6QiwIBkkpu_0GeiSg,4
BqAMbml3-dFTTG-ftC-sQg,4
jW1cFXlHxrZFMbdDyto71A,4
o1ycnbCemNCFfbOKYnLgqw,4
WuluJskfWm8JtXXMG71bpw,4
diqpHI7RgsPm8ykBb0S-kg,4
ThS00pWQdYe0rMwOSQZmsQ,4
E7_OsRMaKOAonbsLdRTcdw,4
LSUEAj_lxYJGH4NyyxsZ3w,4
VyfdJX679Vw-uaU6IU89oQ,4
TkRxtDqHJVoVGuFfXo0ICg,4
i4O6N747C9m7sRyNXfGdiA,4
_8EdpUeeFgBd_sYIhCkSig,4
X96qXBpwwXQ4HNA-TwqQ4w,4
3Nbubr4A0V3RUe1-vLihSw,4
N9pjL3RPHxpKqzgBSrxExA,4
P8LMMKXEhwl81ru0tKWhug,4
VSek90ulrF8ZpaQ3cDg8ag,4
_wvnZ2YkapckNQtw9AERZg,4
D5MYk3eJ6ckXCz1orbvJXA,4
N0fKphQDtwJqjL3voSqyUQ,4
gasNpHEOjsfNYCEvxMsbxw,4
USzmmKLPMto8FRPpPxhpCQ,4
F13bgBpOah7eSfwKl1Nmlg,4
LUy7DR4vrkZqjwFpEWGRvw,4
jAfeLx6F23VrEboCctzCAg,4
lmWl92GYOsoD8gJE5PceCQ,4
4HBUtunHRQTNkBDURURvUA,4
dMG8n4_YZYFq2n6hr8tYig,4
noCI8fTCO6XuAfNN19y5qA,4
oHil-rK1l_-TPkk-RhCvYw,4
EGX1WDON9R8JH16ywsk_tg,4
O8hVKoP8lD8bWBfurVL1zg,4
xsl1v6rPgMUhPYVRvKpTow,4
4G_Crfp0afBPKErOp9s4Ow,4
pG6eG7LhcPiwGXai29QNpg,4
KGZqm2en3J_E_z55SYNndQ,4
jh1Mru_o9mw8t5y4nlvptQ,4
p-d4e8ZQr1Wk8_fM6EMg8A,4
_YP1JaaKVFfZ5HWmn4RU_Q,4
gHZ02gLNubIoUjHtLwewJA,4
MtL_ZNeslPM1mx9dp1tqqA,4
E4lBSKqEWSoBjJ4MECwGVQ,4
F8sFDdmLhwkiqMrqZRuNlg,4
3U7Q0tAyP8jo16mrXiuvgA,4
zmbwS6mipJStIdqvP0cjGg,4
WVjHY4oILdZ-DFWowDfgpQ,4
8MOgqD5uom4FwvcuvM7bjw,4
JjUG8cEJD0aOBK_rrNAENw,4
PFxTlaqpuzDCOlSTS2r6Iw,4
TdhD2aHcbHBBkY2nGe6Atg,4
qJoB3xLx_zmWZkNqiUAo7A,4
VXCMzHMuaVJ2UqlcTkOAKQ,4
ySWjqeE8Q9NxmxHpE3XREg,4
UTUoKNc9qE1bYW_EmXDPDw,4
uZS8PO8iv7XpRvnC2h16yg,4
jkwUKWViP4AkifMVQ8aHlg,4
Crw7z_BH03Q5d11H5-KCEQ,4
23W1bKj9D0X119W6adIX_g,4
rbDC6-bX_ecPyrbGWwOTdg,4
dU5j2M11mw9HLvvmVtoC4A,4
Io8eGKjNEf5s-0s2ccQZ1A,4
8BBt9Wjb4sGXCafcK1blSg,4
I1zonSrKags8ajUgDYFzmg,4
naDoKJvy8vExXfIZ2Q2Ihw,4
wSdEbPj8A-Us_hPZJSB3fw,4
zs_sekse3oZWTWI7Uz3fWg,4
0MiPZIvKNoctf_gHjevsOg,4
SiUnAHcYyr1TnxhoXhMx3w,4
FMi3TfEC4Can3l7tD_eXEA,4
eNfqUbiq5g8CtSAfhrwU0g,4
ThmcvUnzUBXy3iNSNszZCQ,4
do6bWFTzR84l2mWebgokpA,4
0ofHZUBWz1HMby8z0PvWdQ,4
-ftJ-25c4bh34Y-sep67Bw,4
N8uVw6eEPRsfwQB53C0wSQ,4
HG38n6DiNpHdlUpskDnBug,4
kYw6Ech_VVqn9h8x3pFSPg,4
4exKF4_RTg8TjLu_BbI_og,4
DMQu_LqOEXUZgb5WHmUkFg,4
DiC0FiYBtBYiQOeTxnt-JA,4
8jaOCk3B85tNZsS-Ng-YYw,4
qLQ8V6OIp9GxIW-dNHyWLQ,4
ZH3eBEb654QodcWjhtmZhw,4
IRClR4_OfOKpetGrlBAaKw,4
d7uvZjm17y7bg3MkRwys0w,4
5JS-ZNI89vWlRkX_5RE8yw,4
kV6mKcpF7fvBS1UPUoT1fA,4
7txVnlybyQhazvn1c3aXkA,4
495YsSXL1tinRSE64ZKzeA,4
W1E99sbymjknfKWsaqoRXA,4
MnuDuOGqoF1PpyA8Sa5kkA,4
lV0R-nyhoBpRuP1ve6PKaQ,4
6DjQSK_nZ4JAhBegm8U8gg,4
SwaiaTX_CORYTi1OdjdXZw,4
ESrRLKGSC2Lx1GOasmZM8w,4
RN-45KVM-vbuLasVRDkn7w,4
hvxxw8Nz7U89RWB2ob_5ow,4
V4XoA1T7nEJneiSXcW0XyQ,4
cwjsgAgXDYek4-uUwuUYTA,4
9ru8wCtWUmBjp3suQT8jQA,4
iSXTjqWG_KZZCKhG00tUpA,4
W0saY5bXjMC7YZo4WLMvTA,4
MTpE7itGq1GjH4L5_QTN4Q,4
UWcF7cl2Qj_rzpLVHAk9wA,4
BcTGzPJBu4NszrEYO-wZtQ,4
oRR4JXmmNxf2hChDL_b75A,4
9jpCTKK_yg_93yADZYeHgQ,4
oN1b2fckREoaeoOm_1NRKQ,4
p-J2cSsYyrmIEevNlSL0iw,4
OJGTs-1UqPktGXR-osam6A,4
eJkTFtBCP8W71jhplEQVvw,4
Vxg4ElNzOtDeFWBcT6LQZg,4
ZmrmBVjEb9tsrdSj1nz8lw,4
y--FuweFBG4fM0dRPsCg9A,4
Qla9yLi-wvmVBqKcpPsbGw,4
z81BVrsxfxEgWYPGadGtSA,4
3ljkof0dg2Z0HPvAHEEiYw,4
zPMabtSkzMabmGIlHbA1Pw,4
BY1WVtl-c8QmHpQHcgmzWg,4
1eKmqyK69zA2Inj9PkUk_w,4
GAdLul3mzHI_TZOKCYw-Ew,4
I0L5ff3xLMReEuz0B8TK1A,4
-RqjSSDmuoYGNArXSNGFXw,4
XHhqczZ9soPj_ls9--kcyQ,4
EogP6xSBAVXRpp0tTfNMVg,4
08oSyA8NTM-TWRUVKwH9CA,4
OYiulyncI2RWqTRIjycepg,4
O4fb0HcnWPz4IzogneGDwQ,4
KFlkWgRQg4YnExYDOwg1kw,4
m-Geks9nYp93bEFlKnV8DA,4
NiyMJjMEZnoMPR0OAZ8e1Q,4
-hPKQ7cpvWMCXvk5P0MtnA,4
9ZXeAYmdPo1x8x7-X1RTlg,4
f2JE8BSfXB71PCXbPHvQTw,4
O3WXZmuPjNcBcOEc1_sHlQ,4
LrHMKiK_jsZbGteOuiDOLg,4
hhU8vUQsrSw68oFDs0lKBw,4
FVDygiI8gtPnFA6xo2TUCg,4
jiKvOl0kT7whs89zWf-vGQ,4
NKyeGMnBd2C2KDSKg5mexA,4
vg78Q4R77NNlMvhrH-GbjQ,4
PRiN-iKI37_YYkYpkh4RnQ,4
Qkkr-yw_JxQscOxfucSM6w,4
B3cD5olD-G7IIDQoSRtbMw,4
mBWxBzQ-2znOw48vgUkPiw,4
ve7qszLXTAc2Jn4rEh-nUg,4
hlttpvv_YFa1Tm-o7SbziA,4
OwbUKG3TLByoxJT9uJTwvg,4
8tljLwQ8DYi4IDxowlDFLA,4
RT4pdbGliOYLf9p2PVw7cQ,4
aAuBvOxRorWXgSQ_a3KzAA,4
GFIYOACltUpDvNyd008rig,4
HAoqWLqLrA2cXLEd3XRVgg,4
ijiAG5eE2dfWl4r02w8J3Q,4
CVuBO79cYtW0J9b29bFu_w,4
clbyhJZEYIGFmqfsFw-Png,4
VDrwRy-uV3bN8H-D02D0rA,4
txIP_Ogn-lbV4tA975phhA,4
bQgkPmnFchu5ON-J3qbYMw,4
nGglHkavY5YnLFVCL5-uiw,4
bYSBq3d6Bb0sb6UBSUATqw,4
Kkwief_g4EOdIrs2rQUJiw,4
-myNMd34hUdxNDPUPK5dBA,4
OACT49nTyNNj3phbO4UxUA,4
rBL65rvBMgAM8N-PRydNGg,4
HmLk4hm-2GwyB9m4h1Y8gA,4
bvn1u5g4f6fRqm0g2a0gmg,4
sjFJYqpgevrSuSkDbTgRHA,4
xE0MNDXxBndeM5o4bYEWDg,4
ApvTJ5LpHgp7Sdam3KXTZQ,4
UtC45VpWc2xcOCo0yqMEFQ,4
O686OS3y2CewYsvoOF0eNw,4
de5gQ3RYPxw0rvd0Df9eVQ,4
VXUp1KHfvMN3e05ErJwoHA,4
NM5h_4_3Ip5JdNtfHYi2PQ,4
GyyKi1LYuuvF2WT69JbB7g,4
wySmjA9jLWOY6X_lUMzMWQ,4
v0yQqLm6FjfqLeN-SGbPCA,4
cXJIwou4yuY0xz6C2IT_jQ,4
KQn-hotVF3Ilz5dvVcXzCQ,4
5g8pq7DSl6ixjpRlaKX8FQ,4
6zjyas5sOXB3OHdmIhQ83Q,4
Q4MTUrmVjm1jB6A91oMmhA,4
bUuyrk9kjjEo0cuqmFi8Ug,4
JxQm3BwaPhNpSizpa0Utkw,4
uuJXeqlAWEeRxmLzsoUBXA,4
IFJTBE825RCgAKqk9qT5DQ,4
48wM5_362t5OBRuA7gX9Vg,4
L3Q4X5xPqTqiixgZroFKrQ,4
RthwV9WRDoWSK75HTrE4OA,4
q1pVHd2H7rWwtuqnmuBVow,4
Ip2l9weBxu2gz_qxxI4o6g,4
52cwzRvIMK3KG6eoE3G0pg,4
KTh9bLHqMLNZ4kIVKl4YUQ,4
3hKX-RBghEmdur8q0ZB-xA,4
BTiMF6KbIEDIkW6OuAVi8g,4
s2dZi3GXf12wPnG9AWZkdA,4
70SLy1qNGwhWNMZSjgaDhA,4
PutgFm1_842D1cibexMFCA,4
n9rLDJqtMtnNSstby65Ybg,4
nLdyfxOlDfrjN22YmpcG9w,4
uToe6kzQKu0TNuO7-mJH5w,4
ZAX3DOE8tp7PtQIn6TaLig,4
sfUbV8xo528CrtzDkIITjQ,4
-LS9Ns1b0qYtyecbKb64dQ,4
M1vk2t_Z428qrGkQAnIfog,4
EwbO4PdURWmxpgi_LMUw7w,4
QoXXuBbVgBRRCEevy8ilXQ,4
vwG5bI3sni_g_MJtDabG3g,4
ECxg1QSziJq6FoBeRmFRNw,4
92JKej8SrfMYaVvDFe6VfQ,4
57RSKm-iHa-laGa7wJCIkw,4
nBux_guCFAZqjzrPJjqP8A,4
Brji9ZGM2j3wq0l92gUI3g,4
MVk2kFpSNHsFWTxbOENj5g,4
gn8zdJGoA-MfwSUOUBcDsg,4
x7JXBPGzEqWXh-jjuvq92w,4
O3iOWS2VFDIf9JRxh_m-Ag,4
1pS0Zx3zA5uryp1mMZZ5UA,4
jj_HPAeT4wpTtRDy6X6XPA,4
dZ_uaTF0scbAkhmyK_h3IQ,4
SXeoO5wuB1a0bTl7eYk9tg,4
m6GcM2THg-MfEX9cVKTifA,4
qr1i8gX2Q8Y0v9IThhS3ng,4
CvjtOrNeudGkSpcNRRb68g,4
w6TOh20j9NeHq-FeB7pY_w,4
Jcb0dcTG-OjdKK0Ub3bzFQ,4
fkCDUeFZ_zT2w66Gg4uH3Q,4
DZFrYGFGIg4t588kQ2lskQ,4
K6RcmhWLqmGav086bSOhEQ,4
5UkIJw08hGblF-R3b3U5PA,4
XuI7fP3qHf_Kscvm--TkmQ,4
f7V8IZE3HcAxsrv5VW4BNA,4
_Ue5hQU5hh98FgVtQMuiOw,4
CSRnzXzkuGxmSeHNtJnvYA,4
AuZPtdkZOjBdJtKUwbqDXA,4
P1fVRZwyAPn2ADWTSXAj4Q,4
xpWLRzMR8G0G42j1RdR6Bw,4
Pi-pE1GBntCCKEtKOuUcaw,4
kXn0xF3dMGXGpU5LZsjfeg,4
SfeqtBC2jr01qZkjiGYcVg,4
YHA0S2yqWPGyum5-u16_yg,4
eKG0C06GYTqKxfwaJketeQ,4
qnHMPUCKldRL5BG99rWw_w,4
vwvT5g8RTIDQ_LbuyZcspA,4
j2Q70Dzj2S5Cuu_huMn31A,4
3ogkF4YXXYvswK3levnlvw,4
OvYbXLOkTq9U2DwW00Ux3Q,4
Ifr19f7m0LGNlRc3kVH2QA,4
f2qiiNX5Dt0ZafOuEAkqnw,4
3siNYEL66idEnuA-Vv69sQ,4
paea7vnko6TbBCji1OXryw,4
X_kM93BZnGcmPApq7Y4vSg,4
AAuo4qJZz51iUwTOeyln8g,4
NLg3eXl2NIlwmoz_Mll6hQ,4
Hy1sWjs-GVUNfC1pRNFCXg,4
dHjNL6NiR5WOE1l7qOAhUQ,4
PKMyMMjgXboBBTvgvuRKyQ,4
MaFQ4HPfURQGWG6oy7KFMg,4
J9KDL84QqwjNZJW7QcQ18Q,4
6q4u3mvwwCjwyX5xHlUiGw,4
JlW6--spygZVZ6wh_Y_lYQ,4
GM3FfaOhARqcv6KQVdsVXQ,4
PivEZqEFS7QkMEihU-DFOw,4
UZjFD0AzZz_1Sel9cFHFag,4
VDlLoxC01KPweFckSea-5g,4
dAA-xb2evtqraUaHIwtl-g,4
jzeB9byPx03sZt8UeqKdnw,4
_FknPRZPffuGOXgQUrENbw,4
vvlKIs9toSftvNokqWHkuQ,4
hYV-MVw4vbPEeH23TBlNjg,4
lpQ6XWWTwqwIuwPMVWxUAw,4
dVuFz9gKFotF5pabHMGVoA,4
xGE854_R--cJ0U2TSkwRmg,4
bBgtI0kgJm2PiOcgIpmiXw,4
Uvy76WsH0VkZ4-Lw2MtXWA,4
SKDEspyZ8F2err7OBXme2Q,4
EB8O6sNLHBcJ-zFJcIH5Hw,4
2_QOgxOuBwVErOmw7JQ-IA,4
AYRd-7qM8OdYn33bkKWmkQ,4
Q_VWsUw1Eh2k6rXmyTGZbA,4
bHgEncCLAy5uMIZko6k-Ow,4
TLXlRRRanf4LlSudBSy2qg,4
vpNuSNbj0nPJPUQBIifkZg,4
q_Kvo0xzD607o4u2bGKAJA,4
4P9iOFr6uXKmZrd6lvrX-Q,4
kGGLKr_34m-mn6SN-JsMxQ,4
_ImOwGqzQ6dkLq8WuQmTAw,4
fDZHbWB2daqZASJ4jt1etg,4
AE-4bHaEGr0yZ27O8n2QEA,4
oHRzpnkaB4kQmyhe7zmUbQ,4
zeSadozu_lkMMkggaLgPlw,4
ut7flvhyng_vBc_ahYXmxg,4
DiU3ClTQ-L6Cx7T8dnzxww,4
OyQczvxSYbhDGKUy7QDeDw,4
XzP20mef2FeZo8gT1XTj9Q,4
Hf0_LoU8sGIXhJL5YvuuMw,4
wztX4OhlK6CBetzCiwagQw,4
Uqyb24NkcrLWFUhZmBv5Xg,4
K18Dw1dJ4mjPg9Mmh36M7Q,4
80Kli5TMXmSyTh6SuZKgrw,4
9O1fOJXxmwmdpXA6X059IQ,4
In9LSlhWQWP_CwYQV59qeA,4
oiu0nJqtu1xWWMgdNiujGg,4
Kd8o8H99bLbJ27FIAYi58w,4
YKu2WjrFZAUM54g9l_bwbg,4
qOJ6L7GE7X5nG_01_eoAHA,4
rW8cWSrUTahL-JjZp6T0hQ,4
Q3g9vN1IAo1WvKEwQu7Jcw,4
JnwYZnFlkSFQ4-tjszOy-w,4
JGSbFEbTKLMatNbuPuFhkw,4
XKq7CT75XovWe376YQu0Sw,4
q9-ZXIF4jYFWbE8W03VFFg,4
z5X_IHXP06xMunlDFgDJJQ,4
ELuS3Ms3a4abep1nC4kmlw,4
wL5MXofG-7Ops0gb8hPIPw,4
cyJ4-yieqDNOyW9oIup5NQ,4
IYesysCEv4SVEErQlMhXsA,4
TWSSIIVTtCeX6opSVKlKyA,4
IZgjpX-eked7s8JoZo_fFg,4
lyUENnTaMeJcZgTPy41zFg,4
06qt4jY_TKFn6sg3sVX53w,4
9QAxU-QPUwwMyP3jAheEKQ,4
c76Yt8SC4Uzc3AwA_nab_A,4
tNnP-ZbXdjqv6ZVudxlCmw,4
yVbCdCxdMLPSa5ao98BRyw,4
DmKjf-Q8jv6pphOFMImevg,4
KoOErO6aCU3zABitMUjTUA,4
-loqGIxtFxEHHZc6N1jJcQ,4
t0tzCL3rgdjQp1FF1CTkMA,4
zalmOa2IyGcTMBDMbrzXlQ,4
qXLbTBbLeza2GuLSyJQzIg,4
UJGfNGLygTtubN72cqWnVA,4
KlHtLXCx8jtjx26HnS6C4g,4
J9usydn1sDTXPWz5Pef3Vw,4
YPncyAtGhBhX_hBm3XQBAg,4
HF9ksJ8GaLF7LTStB3-IxA,4
3kuZGvyBkerpNufgWakSaQ,4
Oe-WvrKbza1vYXYCs5tYxQ,4
NHkv-6iISPpGQQL7B7QC8Q,4
pFL1hOm2AcGkuONpgCZd1w,4
T9g8KvpdiGqCOe12kXerZQ,4
o4AkcOTBTBgtSjJmy1luTw,4
fmzK4M1EjLzffnrHZkBmJA,4
p4eK2UukiPwEiO3VR-mOCQ,4
rdw6VJ4VYz3L2Zpg3LTN1w,4
fuHHeEyYWNvp7aFdP_Sr4Q,4
1jxfKRYl0AA2DCpKWtKv5A,4
QDOQ0adRee2t_43NQkJz4Q,4
p_3b9NLwBwRbIjyLl10y7A,4
z_4C7MvEHBR3bJhl9O_zoQ,4
T3-c_EKGpy_v7AHdyijtgQ,4
MUXsec5bHm9zYL5DYcjW2w,4
du1axecPVh8T9SkncRKqeA,4
bTBM0mA_1W5ZOK90ZIX9kg,4
VQE2zZjoYQuoHbkDnn-s7w,4
qrDS9ZVDG03H83oYdZb0lw,4
2FkhfEbH9SkYo4JViA6GNA,4
FxspovAaiXnR-PFhm9v97A,4
77aWcqmdRaAE_5HOPQSxiw,4
hGxwx1KB6eCxfeYHj4GRzA,4
_pywfHk7_7mp4_QNsfvVxg,4
_D3vVOY1yGeAywJCS-F7AQ,4
12cxnB4f1JlWvp3km7noBg,4
hoH0olD2MUgjm5aE8MxWkw,4
3wH6XqxHVWN8oWHQoPavcA,4
DdTVDuTv6KQW4WSlGUMaow,4
dpY6r1NHLqGsQxp34KPp4w,4
SPY2nEoMb3vU1_ZStEqhCQ,4
WUjAT4MBgCfnrKeZgeTeQQ,4
eevWqyo6aJK91iAIQfrpig,4
4dVdGpTav02BQZHPXbsR7A,4
59uA0JlS18sJ_xSI1I9Fmg,4
FYrmJFho7qqnWzmTYeSK3A,4
NRDh945HGjU2fsO5bA9jIg,4
dn_jxCNBTcXIJl4L429rtA,4
0_1FD3ly6hZ2OqTY3bxzFw,4
5V7ZtAH4lcn48UY4xkyaHQ,4
83gxYHXL3brr82o2ki2Mxg,4
nGm_M8ko-SU-HJzTGfh1PQ,4
eB6M-BnJG3NyLWhueLAWpw,4
_WO33ayB7_FebJz_NrCe0Q,4
JVQtKvkjF6-m4zW1DYfV8g,4
bEHV18Nwvsi97g8NCtqa0A,4
C5HBolNxuhK9f5_9qpQgfw,4
-nFDyz_q9Ro9yuQT60YOaA,4
6cHl715fgzMAMZ6F-ujkrQ,4
RO8hy4F3vg3xNSg4LQuH5w,4
KneQMqI5Gy3RBSMsRfiaGg,4
iEg0QzE25e0__OOKVD_03A,4
XLMcadyutHzF1hbIHYldSQ,4
xVSqD44E1o8yIxD-no1uFQ,4
u1rfB8SpjDtet78XwU4BXg,4
ujgurAVtNsgn27y4Ll1z-w,4
w-0vHwfHm97x_uy5TxvYVA,4
hJbGsSlaWIOJhZhyDqE8Hg,4
Lpt_FNJfRzdOVmr76hweSw,4
MqMbqjp7hbujp4j9dvQ5Gg,4
mpyi1p39st0vOoNa1pRWnA,4
JNEV_QKWuZJDqDspPalHCA,4
Vt19_-K9GRUVvVUx7YAvhw,4
yl6PQ4FXpRAG1wILB74JsA,4
fTSetsKCP82MK5n7FKOMAw,4
rYoQbZmRGhOg4sl8-PB2Qg,4
kfLrCYV1BO3-b04-aZuQDw,4
ZDa5hNpsMX_5yrLCCkFUxw,4
XPsjcaFT9MzvnwSDlUbc5g,4
CW4_lwYjTNtqjesJtaUZsg,4
nKc2PjCMZD41BWJM5lzxgQ,4
ZMKdtSihjY_T_c4CFFUWlw,4
49oauMQ0B8D2ac7FM83sQw,4
rXhqbJkasZskxzPr8BX4og,4
6pcCY_z4FxpJkPnxPrPiew,4
vj22oOWgVeG6k7xpf7z_0Q,4
z0xayR90E4F6PkPsvC8yhg,4
qV8eB7u5glPKaZSJXJnQKA,4
SOuSW1D2_nxX0ql156mp2Q,4
AEcBO-E2N0f8GwAvLiwWtw,4
QjQxxMhKjj1bOmD1bz79Ag,4
rd7czGnC2yw2V_5NP2usqg,4
PeHKfD7h1zUHNUCLTBT3TA,4
sWWyXpCS7EusVxbhwXh2GA,4
4KINkCXr3zl_k8MYkxjVkQ,4
noVn9TOtN9GtXzPwRDQTxw,4
ZsqwGBdchMPTdukdywlXhw,4
qNTilheTSFAcLGn7VwxhaA,4
T6KRwEeF1uKgGRXzlY-w2g,4
uNj2lri2xVNkHZKUgO4KMw,4
Zs2rkV6tk8IIn5LXLpZ5uQ,4
aHLI2ChoUtplMd1HHsB9WA,4
1BLtmBVAdJ-oQ4kXcA1w0A,4
WZywchnjJZPKu2tMKpIl-g,4
RNeOdJjcvQo2bsB183JG_A,4
EcCr3VN36BcSfpQNipnYWg,4
OBYFTJvoJO6f2wD_0fBfTA,4
awnfoFxhHTHAJpGwPMqQgw,4
UyInb-KLWgm8Mt4eMOwXFA,4
gIBYX-AUbDY2QOCxCUhAeQ,4
YQoR7ksMB9W0pBnYi4jAxg,4
qlnlU_SDm-W3ypmrLBKAUQ,4
9c3osCGafl4OlTQEFAmPMg,4
26bZyfJTkBkp7kbUbXhj-g,4
NlURGRz2NOxkY1WfbSGl5Q,4
VXwSH0gH6cOvpSGOOmr6eA,4
8x66oeDeijYe2rBj1tC0hg,4
fCj7e_z19jYj8wT9qL3Iyw,4
j-MR54r6IycA8x6KLI1MmQ,4
ASz27ZMDJMXcrtozp_YnSA,4
Z3-8Ky3yJQQ65ioycADLYA,4
4MRqLrXxTEr2-RFT4cinxA,4
EHDZxfyeeqJskWyFhHNMPQ,4
PLuk0C5cVTpytx3e5SBtbg,4
MnghbpBn_dq9i-pWztEdpw,4
PNJsSCzdmbJgEHEtcTZdhQ,4
8Wd1x-OxGxoaiBOFAsIBvA,4
ZVLRq07vkUGNflvYSP0yaA,4
axu_4am4aubu7T3s5M6d7Q,4
ov0oZaOpBpy_6H4CJ0-IlQ,4
tR2X-62QTyluxTU6XJEOPg,4
dy1oQzowpDpuADYVk_rW2Q,4
wdntfWUYvlRoa-qgAr8OSQ,4
GGL-sO-UaGeY47k1tdgjog,4
p6eKtsIAeFq6GvpNGweB1A,4
t4Ax86etwG7qZ5zTlueCvw,4
btF_vg7v6zt_8x_fO5qMNw,4
T0BMwmtrao_61paEToxVDQ,4
rAqTiSSgccByx3I79Kocaw,4
5d3KpfJOzQG7olgVQST0yg,4
1UJK5ROlDYCAEEtw6GhZJw,4
roBNDDWSgNU5hgsME8mwTA,4
MKo_zPovR2f2rxKp46Uw3Q,4
ejfuK70palPSYxYGkeT0WQ,4
4Lfkzo4lk3n9bZS6EmZ95A,4
WAuL9KnjAJCcFlEqeV-V8g,4
QBBiXsrHx35VuzVJeCfnvQ,4
UWtWRasXZA8BusNGuRzi8Q,4
Igpwv34H3TpnNbjbWGBfmQ,4
vS00_UIUt3k5PKIjSmPUDw,4
Is9P3zkcYtEabvYjLisVUQ,4
QpNI2RDyyqeJTaO4GXOSxA,4
LrLCWrK62BkWJFjeleLbEw,4
0UAKyc6RmsrKXaR1MVnuBQ,4
_2p-dRCq5cLqfGoNiEVo2g,4
QmGDCJcZc9lrgiVIstfPbQ,4
jZfc46CY4mhDa2Mpn-Tsmg,4
HcAyLKjMQmpRfyZBd8_Cpg,4
7pf0iIYgLKAPormuMltP1g,4
U0MAlfqdSuqjW6PTEdNJ5g,4
wh6GCSxeYi9FoTYaFNlxow,4
gPE-ud67D8zQB2IYnvZT3g,4
PCdEeSnkQLqV_4_uT-eiUw,4
HcnCw7yRtqp4k3LSNus2dQ,4
M5SA_oj6hzpoiFqOb0Y_Ww,4
GP2wHXjERKnCvGjsYJLehQ,4
7YFTvWaFdEhin_nJTPvGDg,4
vTVGKXb0ah5aXGfaqbexkg,4
ejfoevLDg1GG1I_IMwVwJw,4
wcBCej4Ecr92IaqL2B6XWQ,4
alxs9EWQU5uGWMyg2Rh1KA,4
fAtIrE0Fr4iiGWgxdPJgAA,4
3-ac-kJIB6irTP9X1QtD2g,4
6L-H015IQxQmgBizTwo0UQ,4
X5hbBxvT6-gF2M32PIkgNw,4
894Q98Ni9Qvu3kbQWyL5zw,4
iV_7QPHQyOw-Q4gAySOKLA,4
CTAljDgd9LozYKVweZtz8g,4
O_2M704v9ExF6rDGD6Hv-A,4
Md1dn1n3A2LUaxYZKvLZog,4
34_Z_361aok3iihZ5y9J7A,4
JtUiIL97w6BMEZYUOCMtnw,4
VStTD-Dnxu5eFYKZJIe9iA,4
BMSRNDiTMQu8P-Pkex4Uwg,4
Je40vcF3QzKp7kw6QiXKqQ,4
bOsz178LE-wh-S_Rm1rR_Q,4
HEGjK1J68Pw6FB1mUoi9rQ,4
XH1xFk2F4fLAtItQABgVgQ,4
exKdHakkcAdPEduJnhrATg,4
2rZ_mInUt1QbJAYvo1ZTbA,4
YRpAMZ9BrigRI0mcZSn_fQ,4
MqiamdjTsiLhMCke9iDa_A,4
OieFGxPuwVTFAc6e7aW24w,4
guNGm07PVHXw_fCUeYbrPA,4
m5oAE0ZbByk76pp7wiNfqA,4
rxc4dEseGc9H3sZLYMF0MA,4
fxxAzwzwqh1VTjgVT77jSQ,4
Wr0w4GbaIyd8HrdaxZ2ZtQ,4
Heh-FSipFru4sZMPZe8sDw,4
Es6Ad4V7T20fXOL6xrdRow,4
0t2w2dVGdC0DqXiKGlBiHw,4
49DJ9yVHW3Z2RPj1lS_V8Q,4
3oZUO2rEqJgcmLNnLB_cOw,4
kvUU8Z5ediWgbQ0onYxTOQ,4
jyo7lsymyD3NR45c4KJfyQ,4
FZE2cEdkzvmYe3W_5-XDuA,4
Ou9apfLyXzNJ_QKWui4dlw,4
l4kag2rz5YvhQWdCoOWGpQ,4
5iVbrYJOahXYRy2oVOMYyQ,4
QUqmAQItOlLmAn9hfVPYpA,4
aIiWGjS2SdKJfhj-t1BYkw,4
rb-FXDGBHjqNcrJJYKkd7A,4
LCDuKXFJarHyGwbaK6XIlw,4
tI8QdZi5JNtDP-mFxyislg,4
C86MUdGRqFREvYW2V-FpVw,4
FwSHG6859riWf4_zmXs18w,4
x96zGDviPmYlHPTfzHACzg,4
4hpsJETz40emLeG6oHz9tw,4
NawsYgy34Yq_06X9DdbAjw,4
2-m_ndx58L7W_lZV9Da-gQ,4
gBFx4TeHd-PouOeWuUFN2w,4
E1dQKlesp_SGVEpkR2pEcg,4
LGc4nEsLfLOK3DqWXBcBpA,4
TMVQJPmAMGXjdT5TaZrEQQ,4
5PYVSVEJqJdkbr_ozZGDRw,4
hh2wRLPRpFpx4FC7dbANYA,4
596nxovQs-1IrusdH4FIdA,4
ocpnrucKaQYybI-8wmfqsw,4
ZXjtXnhw2KdX3krucB5w3g,4
k9gYVGqm0Eu6CApWY2QBLQ,4
CLqlqWG07tDb0_C8GlEPqg,4
-zCZLD-Nr5p5V2Ba3l3QwA,4
S96bEd9HI3kvBCw3tlCRJg,4
Q3ehcQJP1mEjtF6cphmoXw,4
xneeHlUhCVGPygE7JSsKBA,4
CxIWqvQjs2TYEGq3DzvJ5w,4
uIhMW86vHacsk-oL7efUcA,4
CAG7cz20z1k4Q1OcWdt9wQ,4
ZqPaO9kQdJ_-xxq4x7FWbA,4
9U21jVOx7NBOcprfqoZKjg,4
RwoALJRm9Y3XFw8BFtxfZQ,4
dC9LCtR4i7zRat1CffrTDw,4
os9hk2oTGGv4TP1h8e5UNA,4
J8DtywnaRjwM2Ztu_gMSZQ,4
LkdwQim5V-xrbifRRPDang,4
oCtuhSWAE8G3kNDZLSsB8g,4
DFBTbE3q88ZsofPKhiRLAg,4
AM_Jfd9rRnJHX1uyZCnHnQ,4
K0bTrEKDVvTcOQxVsuIvRA,4
mEUMN90tKtGxTkkcthsq6A,4
I1fqASXpJ-KVjJSxIBAd3g,4
qBbF5ABE7fK23tAfOvzOFQ,4
LJxIc7ggre8Sxr17A2xfaQ,4
NaVviKYUIl-crVf1M7eBtQ,4
9Gtu5iRveFYmxU1uAN4M_Q,4
cqDnCTBk1uYKCZubTtKzfA,4
6wrtH7mjsX_kfDPPrPU1OA,4
elkebAWJpxUjJj6oK4A-Bw,4
AyO4Ul2FS9jIxjcFt6sPCA,4
vpMEY7wqyBR7LPQFIz-ogw,4
1c0OaFIvvk4Bwi_7lp6xLw,4
oXaR3BbZCz6RhW6wrUxgPg,4
wuep6SsQD8C-drhLRLznrg,4
QuAEPkT6yiTcIIq1qZJ8gg,4
diIdT4iqwZ9OWBqgU2K3OA,4
rgmUmbgtbINKMzRCfCzEBA,4
kt2ECKhR9Ht53IMYrP87Jw,4
cgxATduFF3b7b6BldmSwiQ,4
2I_difrmwBLvErk-nUGSBg,4
bxraylm72ABbHbpiIIBZ5w,4
bSngDB1ZkjN0wICE-2Ediw,4
s31qJ7m9c7fAvAvl499Ckw,4
CPv8ynmACLLmd5Fmqa8DTg,4
6PkgAw8nqs5WJ9J_AsgrTw,4
ZFXGNWyTpmHQZdYx1ULAJQ,4
DwXwN99E1yTeNwn1rP9Ysg,4
ddFyJGSTEknz-iAnvYst_w,4
NONXDzzCEY2zytKB40FGZw,4
V06Nzv7nPCyRGAmk9qh99A,4
OveS8oUldY7aHYkHsmiroA,4
t6eA_y_3O7njp_5uC34AMw,4
fS1SoXOwgkh6HMPmZ8R2_g,4
ypSmTfVxZ6DOYqUOb2v4tg,4
phRQFD1bzPEZm3EPE3V0vg,4
okbmTJB5-lpLugFhTBj_cQ,4
fmbguSsEAYIv27T3Bjz03g,4
UOw4k9IwHT0lX2OQgYhopg,4
3wbAjlBVQpG7qQ0P0ImJaQ,4
nuJ0-muIOj2qoRDfzHh_sQ,4
nBhll31OqV3WRdl0PaKYHw,4
t5HP2Tc1wmcjOnSRoljo2g,4
exgopjsHKEDOLOlFpkmaKA,4
ivD2F6ikGnrWciL_l--xVA,4
-qjQqfG-wRVSXMdeeGBlrg,4
6tvYRo6gUuxGHHEnYqO3gg,4
YPeNyHHjQp2SKhM6e2BVsA,4
-Tab4or08fHyNvk3Et4bOg,4
VvDB6c0mllRWXqjdbWbxzg,4
EILf32qynvrzf3GHRd-6jQ,4
YjjoT4IFKvdPDrLZfvVQUA,4
uaf7OBGmcJkUU5bxD6HKzQ,4
7-gzbe142Bd8ihDUi41qyA,4
KMdACbtGfgYW0jj0CA5NrA,4
O8-pDRCSz3AM5RBZFWeqwA,4
VQKACrejVTxMstR6fnhk5w,4
hiyOoYPYCdcUm4HjgkaRPg,4
J4bcnWongHhMlC0kggAEnQ,4
HsVZ42NU9t3GONWDxTtIEQ,4
GVqonfRbIxhQYlMR44QVMw,4
huSnUnWWUnGAH2qXino6oA,4
2PelyEdompeeBKKgPIM-kQ,4
TfRjTKkqhudk9Sdgl3XNbg,4
56VSYE4scR1DQ_mcZk7Mdw,4
UZihlqF-hi_3ApE94427yw,4
5DJR2enHfsSxiKGDV3wYag,4
AGUWZzjN6wlKL5MrvAg2Ig,4
QaF6UYFn0QglWB-u0kaSeQ,4
5x5e5b2mVXfd09ddtzeeCA,4
itfvCyRvDC2p97ohlZDIAw,4
m8MXXaFt4VXOgQ0Be_xoIg,4
razp2CEUEqpE_Qqg95N8MA,4
mCEe1USCrWwXO_6Gxj-_pA,4
Mr-yZvlwTudwNZxdK-Y4eg,4
CU53sFZ4HYAYqkD5IOIznA,4
6BPfvf6PJwpPqDqylPigAQ,4
-gQ6Ggm-1-qsyq78eI9Ovg,4
UBnfnbTg9RdrTzPB9xU_jA,4
ChOglyXWh0CjLJlx5tNcUw,4
Ix2bvmMNLv_kF3-u0IYETQ,4
OBOOITJx_FsVL-dxS9Ry4A,4
iQ6crvT6hAignYNvTuD97w,4
zjN6zcz1EzLdESZ_w3tQMw,4
gvFw4sD2TSnzG7a83O1kOw,4
w92MhPxTrt3g3Jp0fI2c9Q,4
ea6619ix9pRSQBEdSe5U7Q,4
B6d-pfMpJ8YqPrHRK8tozg,4
pE4Y4akyCWqmT3HMdYE3CA,4
xD_XShgK5eOiCM4n7N5hlQ,4
YK_ZuOsyLghmDW8tnnQkPw,4
-ip2NE8X4bwP7arUCT8MUA,4
SNuHGSsWdtDqhcHFe4Klfg,4
0acnfQQOVxNLamvjVxEt6w,4
tjPhwh6_EfJo4wcMhApkLg,4
G-MsW1btWyaMKgBNDfgGmQ,4
nzoo8m5nYsOp8JFw3RlZeA,4
fY6sxNd1w1It4cZhLgOyLw,4
BEek5H9LkrQDmBG-oeOapw,4
jB2T7Q8Bkpfkth33h6-gVw,4
EsswaFAKrQPbEjaxWdp_ug,4
aBNIXxdhv3SXahkl4o4rMQ,4
WKMVM8sbh_dhJYCk_6lCtg,4
5sf22kHEf4FYYCRMLiJcHg,4
GCrVGEbCOoVJFDZe3tkkkw,4
bwbR30ff-6hKRxK2-9BXlw,4
adOqSApMMiZknT6suoabyg,4
-Ooo7Qyjo1AHm46hQUVGwg,4
RLNOlBmslyH7tZmDuKryOg,4
fzpR1naApdmA88NwlU6-kA,4
fgCxcGQSSuWClfXocdIZ4Q,4
SowxAhPrzlPfIsX4mnKYHA,4
85pZ9mVKCQkIhLaZ92OKKg,4
KV6tYMJGztzjJOa4jMWTRw,4
USyV6rmcgsVat1HWg9CqBA,4
ycno_B0Mx83h8ZFzC95RwA,4
7DUfZA8imHNmrgw1nCqqyg,4
wU3M4zxpZJIMeqxOXH0C6w,4
W2idCnpDMsy7ju0NlHHW7g,4
pmH4oQNWe8uo_mQgIqcFdg,4
52PabMhyYkBJTojVQiYl6A,4
SeyvDhQ36jvuNtKFK1v3Ag,4
9Gor-UMdsAHcvuQz1pyt2A,4
EJhIKzTjg77NXRv9_rFdfg,4
24fjyYlM9WyIPsywIzreSA,4
BKCTDk7t6ZHkU3Kzu94OHw,4
pt7n3LXg7_BYLSFgYySG3Q,4
nWT0T0yOycSAHUfGlUIi7A,4
C1UIStTyduNJxpf7R4lOsw,4
kE6slfzwtH-PYgy5q27Kug,4
3gFXIoHgylG-2fq4hXSE4A,4
NDYoMjJ4S6YcrNAvaVjbuA,4
cVPGFatlwNzJ8MGczIU9Cw,4
oL5TG5MsuYMaIfwzqJyCUQ,4
T1xqQ7q969wZqTc8nq2h5Q,4
ETIXHLkpSE1zBOGN5b7qSA,4
0-WojkNgAIKWAz9tKmO0yA,4
o_r0mguFP3bKFpGTB9ixRg,4
NJuSXILXvCNLyoKuomLLmQ,4
x1xp9pt6n1v-eisMpyMdjg,4
yWcnAgxulfv0tGL4hV437g,4
Zfm5U7maGfgGbX21FQvGyw,4
JLgOBO9bdDwMWNDHqDgJhA,4
eMTmVe66iAWQz-W3GyLp-A,4
l35Bop5gKBEEim7a1Og6dw,4
aesTqdA4BtyLM0Vdx0N9jg,4
MB1I-cnILeBHY7I8B2yQMA,4
gF5xwOJkOYp94K98doFpqw,4
sD9lThcLJOK5Eg0Xf1INTw,4
MzepRvqI2lDHarFWzJewrA,4
VQ66IGJQpfpvfWDTyizQbQ,4
mAWp_3R0kh8k6684vvS9Cg,4
p4Ye8RIUYHZKbu-jBrM_SQ,4
D1wtQfBqQVgHS4_a2E4fbw,4
6VI8nWJdFkzHwcYWaO56Ag,4
gRxaUemWQmCV9BwFytv9QQ,4
hqeNJRo9ggqiWKGWhXC5Vw,4
DhE01JsQQGTsGBRqjhpN8A,4
i41SCgc9zYSX9lLMHJ7tyg,4
HcBRSG6qTg_2nOxIHmrc2w,4
qN7mc8NfXhpjOab86p1jHg,4
dKGytxau3gYbHq2rjkhQ7Q,4
uYWlSiuUeBMBvH3esHYcHg,4
0mdwR7Nbxo2JIu67FqJraA,4
kJCq_HLzqRJv6q047-H_FA,4
rVw1ip-9GBNOVMUJWilpVw,4
s9QCJZRphLW2P7YX0eZawA,4
S0UTWJRQtAFBDCrXruf3_w,4
gJRxcLoYn4bynjKnmf5i0w,4
ObMLoETW60H6uCQ__-l5_g,4
orp7IxBW8hDIAnLP50bSfg,4
sxhKUD4CjNGSFYZlYLSHpw,4
QG9M0ufu1yIoHKUqMNhp7Q,4
Y9LAI80ucfe2MOKPDu5mQg,4
plVcskqNt4YjTVZ0YA68sg,4
TDcoo33lSS--5zcSWazgUg,4
sx08Sue5EBX2u4cImiHt3g,4
dJncZ6YnqgNlNdeDPlIPPQ,4
yNMbh5j4MO38_pAY0qnHSw,4
W-GuGfVwxZ5-PLDioS6H-A,4
-rKZXZK-dJf0vmGO-cmE9g,4
1Pj5n8elt7CXytirSmOZNg,4
NITsgOLAG3WWDrm4sdheDA,4
fOvwn80imf52QHtgiox-Cg,4
eeFZVWv5b-0c9tyX6LpYfQ,4
W5OhP4-4jAo-lioSqS0uog,4
UduogX8R7voXTlbpo957sA,4
5POaO7TANX86G1BA5Uz68A,4
qkDWNkEkVVjxH3ApUjyQMw,4
mD4mqHPlhse7bNMF3spKCw,4
kIBIAeBpe0edYDLeceNoAw,4
7CdVx61C-j2lmhCXk047Cg,4
nTCRAZKAYXle0wsr5fz_3w,4
JOMVv8l1ykM_SISPz-BRng,4
MBCnx7Zsq1AGjDb5xv0XFA,4
mrRsPX6Mtwcxw2hymjt1Jw,4
A00b053Wv0cSlhl8FJsrdw,4
0NSC3lx_uuAaI3AUlrPC5A,4
8o_y8Z1q7LQyZszGk0ojGA,4
Ue7EIbP97Rc20Pekibtwrg,4
7ZC8e9Kc7gxO8SneA9ibSQ,4
XjuWB6Gi1wjAAL3zKnAQhA,4
mfZkv1Z46rEzHKTD5WYx7A,4
RlgReOeXsRbE5tPDZ0UzSg,4
3mvKcGNKWajEXuU_qRLv7w,4
yINj6rp5EtW9r2HhdAi10A,4
pn9WubG6Wn7N3lIimvwVfw,4
XqA7sVHsg9WL_M6cfkNUFw,4
8iCkR19vryL59U2xJifXsg,4
O49-R2ti35Ga50PNvXdXGA,4
fDWPgZs9QyJVXF-rtuWEDA,4
ZK9WhBpItfjOWyi9ugyRHg,4
EeGToCVHLkTycGJTORHXyA,4
VfNzsFcSw5S1LGOYBvqTFA,4
9P8stUB_ih9yecdWzbS64Q,4
hGrk7bjUueS2otYJH-Dm7A,4
Z8Adu4FmC8ukq6HIHF-43A,4
DmQmAmdnsFhPDu5AHZR0CA,4
eLAFe4BBzoyWo-Ltg8wjOw,4
N7inJW8_Pv_Xocb8k1-cHQ,4
w53WnBAGofkmsHgqtaH-7g,4
yVd8ONRsEl3ZZ7Pwmzncjg,4
dBer6r567573weZEoVtSzg,4
t6FAS0BQ30iX51WzW-HCpA,4
GcOdRr-alAq9aU9fgkUz9A,4
gjl5EqMlNeuEoKiVSNTbdw,4
0eSk4ZnATIEM4gOgSQpYuw,4
0r_5dvWFJcMOi6UpCzM1hA,4
zhhs7YmjGWDggc6M7orNUQ,4
zgJc6JxKnLNge0gp8llWJQ,4
XNgzxSqu7Fddj5CxbBevlw,4
FFL4aXRM0OcJ-LtrQxmgTA,4
K9GFgA59jr2kv5jWXii8iw,4
ADlSju3Y6Rt0d6-L3GJkKw,4
p1AMAKgmHUeATs05R8Igtw,4
Y3u4cIEJl-znYT_N-dkxOA,4
7K73Wn_zGBTL32h90AZqXw,4
NEp3jmGm-m5aJN7NpHqFMg,4
Kc7anFjNJlBNH4X3JD_4vg,4
HTBL63CC44Mc5OkhSlC1cQ,4
tVMPd5m8KNcJ3AcVD7yCjQ,4
ZMmhIxbvIDSbZN7o8MTM3g,4
ZemXrCqEmuK40S_x9YXzsw,4
hcxP73P1B3tbJiATdxF7_A,4
gsEPonBkEl9GDRolqJIMGw,4
ioNh-5msWBg4VyhAI7m_mQ,4
SpJu_tiiy6NxSXdMyeQRQA,4
ORntwcT5IqX-okxP6EDRdA,4
CxXqtJJylVUtQO8SVBDAlQ,4
46YDGMImrBmzUrJ9UULvbQ,4
3AkZu1Tq13TwZd0W6QYrTA,4
BEq4cfklmidMv7vZQg7cfg,4
mAJmthenaBgGCsGS1i-1Tg,4
aj8SiNu7me52q1rDJFZYMQ,4
Qg29h2M_a1LI51SeB0THDA,4
xtO6IbQwoyw4U1qF8VFVvA,4
YwEqBRuPQFn6LnFcfnUnsw,4
BCH1mPEqwWKgGBucPtFIsw,4
L0o9y34hcrx3RUAZIOiycw,4
jmVxKUHKIO9MgJJlBEcJVg,4
eXTSo7EDhsxURy4F5Xq96w,4
z3Sm0I4NE8vnjiujKmowgg,4
KtlEptI39uTsEnJbysBJIg,4
QLyVF-kTUNMWl1mhJBMIcw,4
cFlhYLwYFI2OnES2RES17w,4
vBGsDy-ezTWo49WYzUSlYw,4
iP4c2qcaH67zfAOLbr8alA,4
iVFeWzeOn6p1TozTbLhPng,4
lT0Wor7MHgWJkyg53PdUwQ,4
wTFuF5E-uGaQmVpuN-RNcg,4
YKcMnSA4d_dns0rN-taPLA,4
geNM6wN-FCUlGmByXML1bQ,4
akCXbbPg_mn9BULw8xFqfg,4
9nkNa1II3KSTR8NYfPL5Jg,4
ebSUFpxry0BFI6EXLGmhAw,4
f6ta7J85KWKpOSsHa6rZZA,4
BRaI83F7CVydHsWMoKCQaQ,4
3fyahV-wx01XPHQAgqs96w,4
F5kvGIhPHydy8VuZCwVzSQ,4
UFYXyzX3za0J-bUb1KCHsQ,4
gD9yK1TmBC1QkuZODFwfxA,4
9XBB47mqUzudT68C0xk91A,4
ScfxPrDlXZssmKoHCZV0NQ,4
o6dhSLyCaw5n5ZipsqZZDw,4
W50_NsbZgj0t__h5R2hCUQ,4
HNXM9RnEYFsz-ugtEWKvjA,4
9iZwKV4sy_tdWeYFT7gBag,4
jzLzAxrqsjdTYrFXuzb3aw,4
jv9coqKGOQlBZScLeMh6Gw,4
Aps0JLjLCuhEY1KAk9FnZg,4
OvslwdU1cnAfi8umdrxeFg,4
xnR8UK1_WzjxurVtvBLR7w,4
b3PFB9-qfmMTyEbosWRjJQ,4
GiWyabMMmkTjT3bEBZxqhg,4
5sSSoWQkYBCswgC3PNSAYw,4
xL0Nq-sZEW-KesZpTGOdaw,4
EdxPtyVgGDVvHAYK17aMwg,4
6Ez6kHkbFdd9vQIM3wFK7A,4
aEvDjp-6_-8kbiHJjEQvFA,4
tjYK8TySsnyJ_r3QnLuiMQ,4
WEZLNGkaw-a6s29Xev6-RQ,4
8YIaQg3xU_3v1XYUD34-qA,4
EWBMbRCNtHa7AFUUrmTX1Q,4
RbxwB0g_0yB8ls9ltL0-CA,4
hJPctIk0WjYCnzvmdi0ysA,4
Roc7c5TiPm4BSnDmbp9gcQ,4
ranKyPU3bmwT-T2alm5vAg,4
RbAXHA7TD0vA8_Ru3LKgPw,4
H_KmFV0WPfhcNY3cPn6oWw,4
O1vwHcwavmmoEHOGsrPnIw,4
pNl9YnrpP7pDnzhrGYZb0w,4
gOdEbPItpp4qQc9SzHocZA,4
78IZdeLG_f6IiA1MJDE77g,4
ca5CLTc_cfE2FWIO2oeKFg,4
radpQJsZ80MTDRen9WEIkg,4
52MB84SlE8jvf_6yNeQCcQ,4
nLBCX23LW9s1XlCgp746Mg,4
H-pYcTkpfGNARkPA24WZEw,4
xR9MQYFQaV5UkjfjO68cVw,4
VFtkXnivwW5GuFg9-Hqi6Q,4
ZIJnaQQL-B7Sgxj8-W7Iaw,4
AkRrZh_qL0RWxRP1j2iJng,4
-EURbhKgigfjVdkUidpmoA,4
PcIeAUtg8aW6pXXK7KtIZA,4
cd87VkX45795ZMKl-_4jng,4
obZTBGi2idSPqu114eSyMQ,4
Fo3odOHGjGXSfNz7WixEKQ,4
J96wO0d2OVchenJKef7mIA,4
MuIzcC4-5DYgjbCIAZkcgw,4
w1IsoyjJ1Dt1riVZOs3bEw,4
gc8uhJB1C7ZppB1qDpDl6g,4
-wsww4CO-tKBPTzxFUiWrg,4
LxhtUhN7soGcORqf846Oqw,4
KHGAkwbYC6N9RLe09qNGVA,4
qdhHAKS2SpU30Hdt3wkVdQ,4
m8aR54pqg9r18jVv1s5Eaw,4
w_lkfmPXvS7T-IBgK1xPDw,4
yvifp8tT2Ihmrl9UXSoTcw,4
-6OhP-ylZcnId8f4F-STXw,4
PDUq8idQQZo3e-UTL7MlXA,4
lFk0vXdihfz86Ury9xvrYQ,4
okZmK9gjORgwCM_Jz9iDzQ,4
gxcJ1DVgTGTM82kXJVdLDw,4
eSGoO7s_YLrDBlbprLyVVA,4
ff1WXKZ6yhsMHD2s48aiIA,4
rBfvhgrbjpyeCoPnOH-iUw,4
brQGTwDxfOxdjL-AiO7Pkg,4
L9sX5Y0ggDCqDtiRitqiRQ,4
7Ynvb7ytwIxNzXZ_GEGQxg,4
O988CCfSaZbRprtAs4vQ0w,4
M8FB3_JUqHZugIazAuJyVA,4
V5DuGkRILHjq2CruyM87qA,4
7D5X563Jwnvq8WcQtGKPUg,4
-QdDky3Thhpb1fb6dKhNdg,4
mk-9s2OOLdVWJUh3L7Lmjw,4
j_CMWTz5lE5Odhw1MbwGkQ,4
4JRqdeeCg6M1QrtbXm8tTg,4
_qhygSuwvPS_Ob4UjCqYmw,4
2QUakq9R65KIZtd1fcvUqA,4
B1r2UR5d97TAFs5lMZMMIw,4
sD4ZMiJnvSVYMRP7YtuMUg,4
DDHkEgPoUImZ9r3BYdxF5g,4
9jpQDmCWjl5TKBCcJrKOwQ,4
IDp5bERLb_FUapriyp0dYw,4
sKUWOKzZmqck7JfNP453bA,4
lt6_d8WjI3F2OjCGnb1mLg,4
Wvi9-VkEtKWvG2fZzuwYQQ,4
e5_NiIYW-w8T77Am97gm6w,4
J4NtVCCafd3xDetq9YyJVw,4
Lv3rptQYnJmcokg3rRa6rQ,4
fwjqY4yrpMewSZvmB8E_2g,4
7IVaH9c3OgCyQ3ss62qp5Q,4
ddQQwszSxdXdRvh1ronn3w,4
PFZJlQe1wTE1y56ej02F7Q,4
NJ6B9T250vYmvqPYimM-Mw,4
B9VNPjYzBcEOba7vNULPiw,4
UyiDksiOZqee44dfKFVjNQ,4
tdj27lBeuRHw3X1WDVx-oA,4
GZM2uHPI9iULxJmpTdkRZA,4
YGiB4z3omqPbcfRn7i44tw,4
Sx0JmfAgFA75EBsg-f1XWA,4
pDtpnZh7CnO8THjB6ljzjg,4
rdNX5RvVJSkPMwQ_YD499A,4
OuO12yEhCx1LaNFhGAtp-A,4
3jm_EgygqlgWzT5RuxSknA,4
UgWvmJvkbwoMJH8bR4mGyA,4
wh9_NocX5YcLFOw-qy4SSQ,4
7X40R48mMCPOeCeQIEH0EQ,4
nrXt972V68Yp0y2pZ1nfPA,4
9v58Z0OEexvh3RxGQ2n1mA,4
hidWnj7ciSNuJQyMqi84YQ,4
igeHyUokYQCDQDLElkabiw,4
a72zv6J9ai4bKrmICE17Lw,4
ripQROwkvNyG8u_acgzWMA,4
brsiLp0CdVOATJ0Cej_ewQ,4
mO_YT1R6wuO5_6z65OWeXg,4
9MVEUeVUzo-YiDpCDjCDsw,4
51Exk9g1w96VeH5LMTjjTA,4
H08kjOHJ_oIModOJOANtqQ,4
rYNUFipIDwmaYrlpKW8B1g,4
GyWjDVhbOPZmimF5DpbSCQ,4
i4fdqaewmkyiDgwkdmBpEA,4
T57Hd6FSaUEAUOHKGjSqKQ,4
x0vfVfqCh6RWH-_mHXagBA,4
XNLQXaeMq5EP_NL3nWAyrw,4
-e5eG5_2P0OEQXuGJugHrg,4
5m9cdw2cKT_iRol7Uu7E-A,4
yo1f1DNbjKA9uCGFSitvTg,4
L-muQ5e2FdQpb6tqjbRC5w,4
DnW9heR-i6BtTWAIfj9CiQ,4
nCYckz_PY4J__fRZxMyJ-Q,4
WXsm_ce_Y7O8VgW2OPJoUA,4
rTe7Tg1W_380OkJJfPYPcQ,4
_UGN5vys8Cfx1WL88SMe6Q,4
y0QNpUfLrQ69NaipGtb-fw,4
gsEXbc1xoIhSwH0ov_wpdw,4
017_U9FqlUBIlB0yg4lHRA,4
Dfvtvdq50gFTFVdXG0HFew,4
55oTYLYJOhxW2uqbaSLwFw,4
vyU5eUmEKxpKPnU6iteGaA,4
AQnNoJA7iHwimE7NyV7Wtg,4
NSvAX_yamFvOAvO1xooqxQ,4
0ZykvyTm7hs4VUv9XZS1iQ,4
6a27ziJHqEZwNZiHgykY1g,4
BVBPZvL13tYRmlepRXeQ2Q,4
aSoCQ7dbDRx6uJETyB-pXw,4
Hk1HJY57uXQvDwnMboeSNQ,4
wmJR3IX_9A7mzRguUmVOBA,4
ZWHKG8n1kyVSHiGCnKZQVQ,4
fYIhI-UPWGn_4xc5Sgwg6w,4
YkibEVkvkVb58LaP3YnBgQ,4
IiNQmYztRrIR7kE6IIGDaw,4
z053BLTOqj-Wwz1_F93nFA,4
Y-aX7Flvp765dAsi4holMw,4
WcrwiD_OHx-2hvNMqPGLJg,4
pinka7GK0obHZIcvF9dU2w,4
EHDrXWONJHxG7Cio5PdkqQ,4
yFvEQYDWcRizX3Mp93L_gA,4
2_lBnyuFYqXIavDZzOhBsA,4
ik-LXv1Rsc5YxJ0ptkbNYQ,4
4I4DaGWIiuEshOiwc8xS4g,4
VTNnRKG46fP-DeCQ6_9urQ,4
H2g2p1CF5ZeLkBYO027b4g,4
esyV7zsuevYvCHWBlEzj7w,4
izE6cp7PYMXRvgQ5CYbKVQ,4
colKDEEgbaTZJmbSukeYWw,4
9gy3rYm2dBNrGzCrGzukKA,4
ZbncOMA0_6uvXFlA8DkwxQ,4
3iuBWKeiFUOlX4_5zFs-Mg,4
YOhWmoNoCGxn0S6sBFaIWA,4
4Yp9966rKXdPE1OYPnkADA,4
mWus0uYuecW3-rNjqnTg_g,4
KMkZkYJBYPZ5K_M8nY4OjQ,4
IoNAMHLt-RQlsZpSU-yJMg,4
mIgdGrhiASvofhe0TDbDIw,4
_gQHd3pWAV-iiSYa3j3WMw,4
2umpsVfdEYwFdEWKqrU4qQ,4
JgRbiuar7mO3-TcVWuWx8w,4
epDRU_P3eN1owH7yZTfMLw,4
TdAkjckwIXLHI7IkHgjnHg,4
FUzS4qBJPUB5aV4O0CD9TQ,4
uZn94IPyO0J9vtbPrkEZWg,4
OVOPw1hn5v_K1c853rqNSQ,4
88jgdBzZk_w2uSaEv_yosw,4
Mf-s4tu4E9V_VzNBtpd-NQ,4
AqF0X9MCvuHPxCNOvA9MMg,4
G4q0qb7O5iZAxgcoxDvxgA,4
vIH3y7c-7JQ5_pLZf893xg,4
DXBSP-XgWy_aVNjgCovETg,4
fdZ-cAcJZLvT4KY0dzrxtg,4
sj6d-Pu9x13LTfLEGiDlbA,4
iwS1uHzlZ6MUvIw8lRJq8Q,4
cK4tpbKwfMBW91TL6U5jNA,4
Lvp2-bwxa_0qiJNkOw89dQ,4
9dBRiq0yXNWQGKrYo9B08A,4
2iyUvLkOSXSS2icrCPZ4Ug,4
8UdEpqkthXgdzeH5uKKqGw,4
PhU0OJXgIxtPzmJJutbMeg,4
0fB6XO_XJLOeD-uuD0-x-A,4
-1gVi2xQ8tCcw51VzetXpA,4
GOnAKk45xvAvY4vQzHjjmg,4
iksOB-2Nxa6naS5msNCnTA,4
ImJER27BCjtbZPsL2sKMmA,4
WZKQQmP23y4bXzI3I6CAng,4
1DOxEwa9ynqB6dG_P0e_lg,4
YPBBaEAO_vvDox7yBFpwxw,4
iyr47zVZFS90tHepyVfsYQ,4
J9xDlq03GPvDhnnOe83C2Q,4
Eb_2KVLSgzYwcl9gZekzBg,4
Fy4eXQvLpuo4PcWbZPuvBQ,4
IzMYx1FxsZRiAiHaN4N1HA,4
FB_47EZXflaEJb9888b7kw,4
XXtLrlTp5KPrOeRuVr7xPw,4
wg3jBSum_WJbx7ZWdRpjOw,4
blBkxIFtwKgZu7lXHCPJpg,4
-RM5eiBrJtCii72EnoOGWA,4
0Jf0ojpmcwkvUOcbz-tNJg,4
Ozzp2ocBTr50KAvPUEqGPA,4
LWItGYP3iZyUctGRPEKs8g,4
pM8yTFUkvYQuLX8UfRQrrw,4
LFb2Gneg6ws_bpINgRw4vQ,4
s9E7Y0My8loARkJ5tXTmOQ,4
UcWhhRpIFVAHTx1Tw_8QfQ,4
083bs_GWZXW1VcOxD7j4cw,4
WeatQtDfOKbu6Sj1n6VgTA,4
wMFnft9x9iOdtZU6Ls_Y-g,4
n3YlhtVrZsheIeCTHjoxEw,4
S1UV8zGiIOLPU0cXcbA-lQ,4
zPux837P2vV7ItTzZIQotA,4
OCVJu6-jRMkzs5G4QYhEoA,4
0YNH-e_iVkA_33MLqnYt5g,4
P7wmTnNtFfmwYGXax0TOlQ,4
-bRdBRJDOeiLy4OUS7IGVA,4
tMmX3chBDSG_2OHXZQebvg,4
UXctxEoniHh_0I5iu8HHYg,4
zOj1QDhX_uvN_d70_d65Jg,4
M--Vh2-WI40co2CFcljoYg,4
NYx_S-B-vSKeD9Ac8jrHVw,4
oZiS1ojwFvB7xKNePSyftQ,4
fOKpguv9JHBAmgugv_ab4g,4
z1cyY_U2K7EVwPqVCxJhAA,4
OTKxOlTvX9nQ1WsMdy9VBw,4
uTScIeTbPp7TrOjBg-1JHg,4
2EwOwwgc6oWnWbSxjN-3TA,4
5HdY7ZAsa9ldbMKc_-I3eA,4
a7tdMhQHakIPnaK6Arublg,4
xHCjWeJW5GCP3OBkciKonQ,4
2p4J0dW7Hv9zGmVjepKslg,4
xQt-6_4v4tdrv3aHfEhqGw,4
pKMMPqvfrgrvuwG9mQBWLw,4
nXCURi9DR3MA1l-vgm6S5Q,4
cK0WlFwNOG_gqk64M4k--g,4
DGScSEw6i_e6gy2Q-e9oAQ,4
GEdmZepnZ-ZA4CZeaktcCQ,4
hXpgaEuv4nTOhWuRD4cASg,4
c7veKaXj_hOQkM5ROMIZdg,4
EjgG0dskn88Wug1IPdKiNw,4
VimQcThev4G3ZfhkZHZ0CQ,4
GgGa0NN2I74YhhMGfpEXPw,4
-_aLEPhRv-iPfc01Y5C6Iw,4
UUGN4spOXnY_2D4o2m60Qw,4
oMVRbzmtcb6dW_5tROIN5g,4
cBrOdts8oOU4beCLcfy4zw,4
fRZUDObEBZczdlTSLEDLKw,4
5Tggtjzr9ho-KTZDvIVvlQ,4
NTPZs_6PQ88SGAOpkB1tgQ,4
gk39D7ajWueHgdOALfBN0Q,4
HQBZfn2mItOe36x7lh6QjQ,4
HR5Qr0yJt0FqsaV65tag5A,4
_qFOo3PRwq5bgqCXjci8ng,4
fz9pln2C371k0mad6cWjlQ,4
clLdD2Psrm6fjw8j8ZOLVA,4
ow37BZUmNdYNqZsA_2xI3A,4
qx1zREfNp0P9Ay7wH3L9YA,4
het3fsarIXqEzukJlkzoCg,4
XxEek7gB_8JLjrkHzP8Npw,4
R_HkzTAMBxXOTqMOthZZhw,4
VRFNlH0gbRbaGHFphKaSDw,4
9OUPC_ci2KJhoAx4IVZ4LQ,4
BTBaV84DsUwJvrOV_-9ybQ,4
efbqIv-GAp3EShIGJANYlg,4
0cdrJ5g5EZrm4mu2ZwS9yA,4
px-GyyaybntCw_bmWXuxew,4
Ys3Wpd3O0fnUktyI4aItOQ,4
cPE4S48H29qNwnnb2J6XOg,4
iguVpNsvwGc-byMB4xg6lQ,4
G-FAlMVIv1SUTFYSu94yTA,4
7cFI0at_8YrNDjg-vITz2Q,4
mvD4MYuEMFd4SAJi1keS5A,4
OhrfP6e5pS_PD_F-HgAYnQ,4
mGol77oT41t91k7VATmWCg,4
z8IU15x0fPhqVecUklDRmQ,4
0nd7pRby5mGIz1bmnzRclw,4
B7mDP33sh3hkIQiMWFsmNw,4
t2VAq2_Fc9qYtQe2n9rpbQ,4
e-OrUhX6yu7gdtkYuOrneQ,4
suCf4-rAy5UJoNKBZQeAxQ,4
yn8Elz9JNVi4eUEFpb28uQ,4
m2WxDA3kw8qpZKZufqyozA,4
JXKwNkR4y2rLCzXy0QTBXQ,4
h2xwigFScM0Sv0BlHMLZnw,4
sXCSaIQh-uzPqFlPCPMjgQ,4
K17bYpZpfOBbVERRdnZgqQ,4
1eIpQCVzN-afGyvrjoFRXQ,4
gWHrld33yjQDfDTnlSQC3Q,4
ABm1otMoc_-Z96zWYag58Q,4
2FsX-cpV1-41aZXAdAgKkA,4
Os9Js9PNtiqphgpHnzXBqQ,4
skM7C7s_s8dLLpPpatzQcg,4
HQdKqbh1bRn9rIU5egCFOg,4
O9MGuz0T0LWquI9SQCdxcA,4
BDocQW2Cz4x2Xn4r63F4tw,4
tIye3fG9ehB2gRUMX3UyaQ,4
hD_pgMo6GOIc3Ad1-DMR1w,4
vC_m4MhKDDD-hxb6CrhCPg,4
qaC7EL8cQJVJNDUefrnhTQ,4
KokLcYSQEJKwVUS2BvMUiA,4
AgM1vdzENg4tAmM7aw2Crg,4
-ELBvw3uT-mi1jXdgBAvdw,4
WrRH7TIaxCR548WHOlG9Gw,4
wEI1ai6Zjyxc_9FUceWWjg,4
lFikmObUg5jHsUZDoL3Acg,4
mHQVkFEa2emUm7b4MJ7myA,4
Ris7AlRhV1dajf_TyAPn3Q,4
72-PRjXPlsF8Dl4aw60dhQ,4
mzBY6DB1UOThIdbf7_QIBQ,4
KD5eXJZNpiZZysLeBnLBbA,4
W8VahtPeHUMyr8pSTwp3QQ,4
PmKTHabuNAYgNgbZxzgy0Q,4
-vCBx2YyrDvf3eNWWnPr0g,4
_xRxXK9jzGUGWFXFbDR8ig,4
cNFrCOAYM7UcAQ3CK84adA,4
5kRyuowemAgxG-LTlZQYPQ,4
BNQ7E5kzDQoN8ZZIe6B5wQ,4
fyuO3Vqw6auU0Bvj_Pt9sg,4
8X_VOMIan3fXk401fLlIww,4
hBjuBxHwk3Qz9BoD4XsQgw,4
bP89xuygTyOPqjNOgGnhjw,4
7lRGtEA96K7JzWuoTqeoRA,4
WRQB-w9X-3qR8aoQnePP9w,4
JeMwJ0j8Njn1YviY3uH8Hw,4
WXAaOeM3pRJnl3B92JssTg,4
HxCDTPmvahOV2eYXN_AJ-g,4
53-jRgeT4RSQhqS5arKc1g,4
wk_k1M5_AhHkxdMkT0P67A,4
BPnrO4aiPH3w8OKn7fhe5g,4
rcE3RGzGj-Bq6xJDyPLcBw,4
N66klm2w-FEZmrEVzrxyIw,4
U7HTBjKk1hDs7NfQX64ndw,4
aqwhqYHi1D2hmdojEoB_xQ,4
XAr2ij3AG45NrBzb1WIt-A,4
FNTuGw4_VHe1kCBMNWzZmA,4
oLZxhClgy2SzXdUm3OrLaQ,4
AWWr_tqhNmO7IwfsX-OM9w,4
-iB4BRH5zb3ECKCtNGoDzw,4
WfN6fUSDqJ9r1uiqJuV7Ag,4
UhAK1yGqugVcuOXXq7Fv7g,4
qY7hgj3HTRupvnq8nYSV2w,4
feLOpBUpZk_s00vepGW_cg,4
q_Yu44iYBZ5vFSKXREr_vg,4
yM0PqQSH6YI_37lEA3BTtQ,4
5MGDEnp0I6MyHSrGe9wktA,4
kx03HifGck0R6P7TgbS19g,4
mFkHty0hCB3ZXzv8Lt3MPA,4
mRlxXiopFxIgSWDyurTGEQ,4
ANSLeKargaSZ3jpkl_a1cg,4
vkvAonehwdhAWxIvlfIqYA,4
TwvjqS8_Igk9kTbvJyteTg,4
PG1IOJx1Q5RS1Kq3SaQ-sA,4
JTtfNNUw4APMEzra0i1q6w,4
HGK4FotzOaAb9sProXvMqw,4
TIL5fTmV7kbMgrQ7ZHUv2A,4
jHn319QUP7LKMxk33bpKeg,4
YsR7CjaKYBcDSo9B6QEITQ,4
lHTXBga5N0kU_jf4AxSp3w,4
_-WejwumZI9Cjvi5d-cgKg,4
iwNBpZXkdWmkudO19efnJA,4
j0SnrWJLvoI-IsSKRKMXMg,4
7xKbMqLnd9Ft8CpuODL8fg,4
oCm0rvnRbHdXIBfyxUhiAA,4
BT_hmQL0KByYXrJAImN4bw,4
m8Z-JP-KuLtqQ0xN0hrnNQ,4
KlT7mm-gs2yrR495Qx5bVQ,4
kToxg60Ecgcgb-Pq4X89Vg,4
I4lq2fPIrWycq5pWAdbXpg,4
FlE28iD0LB6SKuGQ2Vh-VA,4
YJnQ9TOBSVoWuV_oyrPDyQ,4
NXcr02v3-Lpwu-pQ9smb5w,4
5IvXOx3Gz1Imrd9R7QSD6A,4
xJlwRUQmOxu0cuHSPa-Ctg,4
2DxrBA-s-WGyzzMrEzP81Q,4
6TDLwaHgUyTKjKaylwMj9w,4
vmdSE08YLZMAqK7q9KvSnA,4
jqGgixlzBd8IJaeisWAV8g,4
xxtHNp-kcAIYB1Ji4Vjp-w,4
j_fj-hADO5z-MFYSIENK-g,4
JM5-sac_jHfKoZGiVu3EAQ,4
NdGqjm0GLxfJaEYFPKdU_w,4
GjjnMRQGEdwCVHtJnUKRCQ,4
h1tWYmZ2mn7apgW8ugDAeA,4
vqBcngfD_lYSMaP9OlkLtg,4
NRvhlef-ONi9RZpEBxuXlQ,4
naF_JfUZyZwjHlkGrV1s8A,4
clWZzKA-TCYrEa-mHxksQw,4
2ooly3X2DjWY59uPAON1pw,4
yBDXrzx8SRLAyMAjVida2w,4
y3P4z22D5sxFumpehcn7YQ,4
8DHDe_BvVaBWd5Q4yr3ylA,4
pNX31XB6FH3Wf8oz5ZnYEA,4
6JCndKnXUjvHnFNBLdlP1w,4
QzTf1v2Qs24BF4C3-7Yzmg,4
WWpOGOnhNs1j4NMOlaG4YA,4
dNYsmPVk3uJVky3CRV05uw,4
VOCc5vhRabf6-1qiWC59LQ,4
M6MJey-azIaYKCbpDzVSPw,4
xtFDd9grpXl_UdbnRcvuzw,4
sEKaKXQdZHefEyhMapoYhA,4
oLzOdYBmOPd1zMdh4S2igA,4
ER-Vy6DYrqNUleyp_yXk2w,4
_uun9WHva0Os2663c0hgrA,4
ZDwELBGB2NcdvTfEifwOsQ,4
FJ8PlVZNZEyGy5UJqwFF7A,4
5h6D8dLzU6bVJLA5nkzJYw,4
nUpdUpLJZ7H3zrf17iBCFA,4
gXEKdXSO1fdkV3-oQtW21g,4
5iUbBSCP5I68iwDFGghbVw,4
B8bC0YWCxlXXZZBR_pbVYA,4
pcndQa-U4M_ZYIkPcei1cw,4
I_RbCfEC5dWASX4vEpp6mQ,4
cj5PdjqxOKsh_Fy5rIfYHw,4
_pho9ZYCkGFrChjO7zBeBg,4
ak2doaptxHibK_CEQh2LiQ,4
mFqcT76NvOeZSNLW5-nhVw,4
XgfIqkua0XHZARzLyJ1mrw,4
AG4Nwfg0FN6Q1C93ggB8Xg,4
uJyAbmUaq7gh3-4Bntzd2Q,4
uw1EzPFcLltrbzkumdEXdg,4
zpR0HWdU4yiOb2SzizgA8A,4
PzGXvIpIuFYFNnbytW9H3w,4
joitw1y702NTrPXzVDBd4w,4
UDcfE61N6P4WpUTURfuB5g,4
Ist_yESrmEX8AAIT8BUqNg,4
HjqeoL3qr24bTLFR0xHQbg,4
YHJ7K-UabX5whVa-xDgI6w,4
AgYlo5L_AcozuBiQ40HAYw,4
sCt2pLEJ3WpK0WeacmWuJA,4
0cw9T0gOb5Nr9gU0Cfr-8A,4
3AyfoZ1h7u7_hd0-ILw8ig,4
nUhNTbaOksSFMt6R97md1A,4
TiNjWl-E308TzjCMh1d_3w,4
U26gIkDgs-NbbkrxsoXM6Q,4
GcMNraOoxuYG9bFQbGmDKA,4
Vc_qUfcfZ6K_X9VAuiof3g,4
oYgCCh5ImCOb4PFyV6auOA,4
jbqIo8_ssA8wZV6w1ruvMQ,4
TPDo8NV5VBgWrKuyLsz2Xg,4
xunw1zsMHWhMHWoRkLJPQg,4
bieg3_vfbQ2XPGnbJtNvOQ,4
OYgkFHHjZ4ZoyH1A8syhIQ,4
7bZK1QNOgzuZS-HpQVTW4Q,4
VrIldwfRhWFlCJPTm5WnqA,4
J2jtN8hZ8ZlQwY1I2z89hA,4
sCv92VIYXB_IQt--8pyIdQ,4
iQUjf9mNRKTY2Da4NnxFUA,4
Errm0CpoaPvTZ_H8yK_Lcg,4
c9rdOGSy9pTi3IzWoZOUeA,4
lLmFUSnEdU6PP4HhoyGcow,4
d8Ub_Mh0gICD2bihcIgmbw,4
cFmztYP0Q4dGchqXz1SYxw,4
Py6tAPlLH-lttqAyyTjRFA,4
PzgQitSuEtS2EY3NT6qkbA,4
xPNNoen90rnWTYbBAiiuCQ,4
tJwnbwTOOBuN4CQ4qc_dKA,4
X8ahkGJIWQvZKjjZyIHcfw,4
5gqkx9ujRi7b9mAcgT_itg,4
2AT_IjIfPDzRHQjGj_pvmg,4
sWsADjXBxwZHm3j11cw81Q,4
hFw9mZ5ePeWrR1vwBGYJ8Q,4
3wTLjqYaBakYVxrdQZ6FJw,4
rY2VgTpn5de7AL0emU2YDA,4
tfffJkByFXUIMWeD4FSNJA,4
o0mj6WD_u1mMwmbT1nCQHw,4
TsElkb7USYXG0cOKnE7PJg,4
y84n5oRbuxeV9xRVdCJObQ,4
rLMLPZ5YgTdH_wkTmF5rww,4
-wtYd0EbeiHjDWaA3abaew,4
Qdw82fcDIk5vbhJBQEAAUQ,4
7CeqGIhXcDhacHaFQS7Gnw,4
FQbkbMaoTc48LM6nM1mX9w,4
zchwfcFkm7_i3hawvI166w,4
DuTisPC2-VojOtcyLNXIzQ,4
ZcWATN6B1NqW13oaii3y2g,4
hqjvgmkFx-1dZPuN9letQg,4
jt-t-3Azy1cXH4zJNc-yQg,4
W18svUO8eBVhby5yzhIWSg,4
A4AblaFlZN-St8UQw8GSaQ,4
E_zXj2RwZAHYRLDyFlFhuA,4
jBz5PFV7AbWzor8lN6MbxQ,4
qfpSSyGt_Qb7RQS9TQdokQ,4
jg1JYmXgLRbttJf5qg-TsQ,4
BjeWK6EsyWGy_iB4fYgNsw,4
TFvl8FU2E7aQR_Cw4VrC9g,4
JmyVOacuxrkfsA3JxKYxMw,4
2QRXsnExjy5e2JgGUmYp7Q,4
CMZhor9ASFtY7fkONU7vmw,4
nu5Q03bOx5ZU6evR9POdyg,4
kfCi7BFHreW5MTM-deEv0w,4
-vQMgL86IYT68wokTHJq_w,4
xslZAplh4qEONTdrHzW0XA,4
WkVu3eob-n7DAdaVgAB9BA,4
mbJAeGJFzK5POO0_erDx1g,4
TPZYDYGRem5rlUqeT0I46A,4
gMOiH2Uz7K2oY8ZMJiK8pg,4
RpFf9LxCbDsw34tjjHjJeQ,4
-Z2wVfNofpaYmZzriZDA8w,4
xqDBo75DJoOEHgrMIpRFhQ,4
t-0feBKlr4L9kKMWa0hVuA,4
17taxfYPM8azU7STSdpczQ,4
0-Ys7KFrHZufHvkULwIt9Q,4
NJ8YE39-_1ACyIn-gx5MUg,4
ExPOoufztpbuLH83DjhoYg,4
nFb-5x01ixmYOlvTumPOwg,4
Y6a45pyp41IksSwsFljvUQ,4
VLNUgBbktpVaBJxSNYR2aQ,4
lJSqoswG-QgyabkCONoy5Q,4
RLGTzwRATqS7Aa4cT7Yo-g,4
wVhGP9FCfQgFoIUcBvZajg,4
dc4Uv1NPiWgkAcFnFQzpjQ,4
7daFXGVFJwuVMSDmhBktHg,4
q08dU1ieoqcLrqv2UoeqxA,4
DRfPt6zqmba7B_oHSPedew,4
mR2S7amXIix4G88JrzltRg,4
xS20yoKJ2kklXNTDVX8zxQ,4
UXqkXydqFNsG6VihMLNagw,4
IMwEw6Zo0uX50Bw5icgBfA,4
Qz4y9TpltbpJv0n5mrahrA,4
Al9tJWEEs8WxMl9LGXvcOQ,4
VtSEYjNCcpz4wlTnj-YkSw,4
iVFFseXbyds3ldPzZ39Y-A,4
7lMIYDMBTQ6lCRJbEDx4Ug,4
WsowuBhAfWJ46TOQRwGqrg,4
VSNvg_0ktGes-GAa1DjmpA,4
fQtKzJa3XGw0uNnCsKnIhA,4
QTKurpiZHmD83emYLT6CEw,4
-Z3bWotbHtPCx3nsvvam3Q,4
6uv4CBIWdHt6KmcCW3-FAw,4
i03c0y4w-VyADhZIeEIYlA,4
poqKNGDEfNVW7nY0OB9BRg,4
tZGXqk9v0yiwzJ1MRzywCA,4
HcvmsJNgaWKxiGy7cAjbYA,4
zaek6bToBFiYO2ohG11E-A,4
odaxvqydt-rYtZ2yPqMpNg,4
tcAyiYcFkMzluZN8-j7GYQ,4
Ab-SSWHX1KbtKJQueujk4g,4
0ZrpcFo1tSkyyOw0N54lQg,4
oHylI2qRD1RBfmZqoU-BwQ,4
UsmX5seSqDXEXToY-5NE4Q,4
cxubRlORMgVdupy5AgsNMw,4
CdFG37z9PmaoeROdUcbbiQ,4
myVvW3ciQqmavc-0chVcsA,4
ThFl0S9lEFKKsCE09ZCJuw,4
duVXZ5zWn9k5A-9smP1Jaw,4
1qCw0z1-Rkd18MVAFjYy-w,4
-41PX1cPO0oKx3Y8KiVEjw,4
rtn0thoG5k1SlKypW362dw,4
OybTDj52YVkiertbcOFLOA,4
kzkobotS5rffQKdxe4dGmA,4
w-VqGIOha6vEzZEqqSQZVQ,4
FBMFIa45wiq5PF8F97gNYA,4
WKkXmwRYwuOddb8mOTaG8w,4
pbxRGIupyGpw6_HaeyXX0Q,4
W_0LozcrlSDfqLivpRwL_g,4
L0snPYLacfLWub1y494BSQ,4
RBkAHDFFsxumT2UdTJ9aCQ,4
akd6f55wpIGMS2wqcRLi9Q,4
IjnAkfCMpET7ygI92gfs8Q,4
7JFqR-MWxB9H_O69UEFBmw,4
WyRofQZ1YqmvkGbZs8dkVg,4
dgz1fkCNIBVC1fmox5iWhA,4
3UAh4cruNdLftbvtkqlXeQ,4
VUmKjb8BFeXpGGx20ioA7Q,4
cqsMGO1hXDcyYLgT_qziHw,4
Iv98moOGLiqss_pg8-cdUA,4
dvhSFBZsXcYFwzEh2--Eog,4
A-HHhxtqclZyqTAFFvEXAA,4
1_0O7W8-PzbWAqrUICQ5Lg,4
OOmeWQXiFh-4w8W0E2sHOg,4
Mrht2-lP-ezlk2dR3wbrig,4
1pxTOcTrqb1qxQKkdNK3vw,4
nUGosSnaSF0o_W5w1khKOQ,4
XPpCpVlAq2bRZEx2ZyEBag,4
Dr_USB8NRookDHSnRqwKHA,4
1MbZFKW6HaUuRJv1t9HvAw,4
YAqd4ncvzoPgR-MuI2mtWg,4
Exo9jUCdcDKABeiHuZ8Ljg,4
iWCxciMZWYkTtuSRXtfiqg,4
PqSZj36M8m6wzwCGEBj3Tg,4
hsq6Zy47p3qrRplbOL4WHA,4
ZjL9Fn2mfoqc729r5PnrTA,4
c_PU3VZDp1MFdBF-V_EIrg,4
AEsFTqZwUQbBjQ62D4OLgw,4
wPpY71owg4L7bNskjwuOdA,4
ttG5ZeLIl0NqzZxUgvJN5g,4
0tdAm2Bx7guyt9qeibrp3w,4
iEhzjeNHNpBDoZuxG5Vk_w,4
b1Gcp-UmcToAuzAQFqg8SA,4
FgZMJ0EHfmJc2N614md8xg,4
d9ngge_DkHpduFZ02xFd-g,4
T1YAB5IorRKned6eudRffQ,4
_TvYGu7SloXU_p87L3FzaA,4
H5esJ6cPxTi3gFhoW9NvUQ,4
mcHjaJgsss8jjd02_b5mzA,4
rNx5bWZFQ4l38Vn4tmRNGg,4
C09QkGIbhNAWK9PBCbEwdw,4
_TopRyjM14pU9mxo1c6neg,4
NzvFhbxZPJ7C1AVh71Pd6A,4
kyC4bAtj6iTpDUO_BwK3nA,4
52PPQTXqTOXNLyfU7hVRRw,4
ofTcepKW7_TEA6KgrUcJTA,4
7hwITlXAq2yA4GCRA2tUOw,4
aT7ZIu5IjE7SulonisxXMw,4
YBA143X7BEDbqA0bLin8Pw,4
VtrORP9InohHT8g_P2sGjw,4
FPLeNcBxtzbpph2pJnhOcA,4
p4w2rScJ9_yVh5v6_REy4w,4
Hs4ewcvljDVCCfmLyYybGQ,4
GY0qql2r4kmvESBY2tUtEQ,4
LmJXq5QlvW_7B6dQRmUFGw,4
R-gC9iTfrXOjBxkJS1IxDg,4
tiBsFETwCtXWK5UN_yZWHw,4
aq-5VY3SsKk5zoyZgicnVA,4
H7K_bxCQuD3Tcla9qA9rOQ,4
oH781lt3W_6L2sLyfZlpfA,4
YuagkALA8GsaGVGfiltoUA,4
wLIoMTKZ3wWxHPUgxSEeKQ,4
51qsuMHzX65OGyNyTNO7yg,4
cNWjZECnf_WNf2KNEb_JpQ,4
Q2XoDk6f-c38CDqN1h7NkA,4
SGSKHxooeA24n8cTqko9EA,4
LTTz3Qm94StHPoVNxwHLLg,4
Q--e9mXLJF2vitJ9CKItcw,4
4lSdg0qNPs2UhxQ8MKz5TA,4
o0KNniN9Pxop7t7yuC85cg,4
uf7FuHucEgs2wZX3_W5K5g,4
JGL-Wj-ou9mIP4pTLeVw7g,4
SCBmE1UxpLfqpdpjEJrIlw,4
3dVj3VnUbH_iR9JCS5jgIw,4
5OhowfPBgjm9v0t4rn1QBg,4
5eQ4eGErY3N_hLrMOIitqQ,4
e1cQXrr_cNUEQM2XWKwdVg,4
2Z3ZN0eDarJ6nD2m73YBFw,4
DppMTJQZLZyHSa2nGomBMA,4
Xqb-l62oqC9fofcAT3oWAg,4
NNV7yLA-9Fhbmj1dhrA4Rw,4
CSflyznpdALCs7By83hjoQ,4
P0qpYTxjmtcMXWKeZLo9Mg,4
Zl8h-y-VkuRawQjJq7017Q,4
1K6-IMv7jMYql8RhkYXSRQ,4
qnQ4traW9aw4e9vtw6boeg,4
RJ0Nq7jMEG_KSQWv4jPPKg,4
txCsGbckTazjYHMXBbVUwQ,4
FocRCcOo3hdSNQtiY1Sq0g,4
ZIdFHRbcE2sW3mxhmWFXRg,4
HshFAJgoQAVLzpzoC5_jaw,4
0UZGkLuAcrgSwznzfiNZCw,4
f04cwRCUCLgxi7R6mZ6c2Q,4
8WRbbWTEO_GfASO2W6i7uw,4
nVfu5hICoiHF_f1Hc_BM5w,4
5cgWS5VOS1f4zAovQhY35w,4
eKLRIC9CaDXvSnLwpub6UQ,4
-O05lhjLhG0NYCduJK_FMQ,4
_w-9c_B74TIOLaM5Z_DKmQ,4
PGOQFDqqhSlwEpWqmiTO2w,4
wFrAuIAYY8Yjtq4boLauIA,4
x-zJOzyZNHPrOAb0D4JmpQ,4
9ZIgvO50gJdf9LejlWjhOA,4
1DCng3rKL-1cghXB1FUylw,4
qGY_akfb78oalMyOT-BfWg,4
tRY2bV-ERH9IlX_CEB2Q2Q,4
Nzt4I4JJAyOp1rzxIMf5Tw,4
XK5PfVfUy9dkgotr2hCz2g,4
_yJWaS1x3wczPB0VqKXoEw,4
F1rJxcde2Rl00upTTduvEw,4
GXjiMHyGHCJnyLj_Bsjr5A,4
n0n-RTxbRZwBGuecAqGW4A,4
lzbdHq5VZYjnUlIV9mJ9OQ,4
yMpqiYnymS0w1SLe4wYwkg,4
sbpEON57tBu2Q3wXzCN_rg,4
4JYw8G6KFyCWJTKNO9ZPKA,4
VLtrTlPixMCXDkAjsiJT9A,4
LR2rdpgly3Pqy4bbXDpsYw,4
aZKeEU4GDFzuQ1sWA8AiKw,4
pEXPzkej6bRElMYYON2Jfw,4
RBY03UktlzHUENL5m7HUTA,4
9YW9_oPAxb-jxbSAxC1Fyg,4
ErP7c6n-JsIBmMygUD9tnA,4
OjK-KscDkinfX0ud8uenZg,4
sPqKJZgg3JG8x4W2xr4DvQ,4
Ve59aXlyuoqxqAya36NAzA,4
-TTBIzEXG5-Vip-IArEhJg,4
Wy0nlltfbVKd5h8exveg8A,4
h_rVF-z0z4gpQat4adyY4w,4
25hmUSI-m6-gxEStpsMe6A,4
D_Rb4tvNU891O5rmDwCXWw,4
Y-Wcvl1C7jMN9l9Iak6Gwg,4
iX4ICi5s6KOID-im4SZJ2g,4
0fByzfsdLqDSQNam3GI75w,4
JUPB8gTWZXAJp8RZoKW3Ew,4
SJ6gUK5efBYy7_aIFcHGGA,4
aI_A7iA6QOwpQdTMrdB2qA,4
Z8DLEa0y83gt6aGgz9GUJA,4
fJYJ-b6aYGOZJhJoDjTb_g,4
eW2RK5809V3xfVLR4yumRQ,4
sKDsvrKQvobBCQrqOkACPQ,4
ZRM_PSzyNPrm0ZV9J_4rrQ,4
b8BoZHTsKDr4a5Cq9Ra6Fw,4
JwFn2ji5B5Meee7_vPYbPQ,4
nQlYQysOkP1xxYVOEZLiUQ,4
ePyFT1wLX2SYE7wuauhn1w,4
KMSnMUl-VjUirJ2U721tlg,4
06YGDgE-ALLvYs3eeW_Iew,4
Yss-NxSAhPXZPOVKwdbXig,4
4ta5b3QPx4NoUwN-icfeLQ,4
NC4DsxVC01U3TQweR5Sw1g,4
KOYOUXJ2YKspNKkX1tdkHQ,4
e0xmTXb5SonFtXtV-PnCdA,4
9Zxh9Me7a4z3_vdMFst9Yg,4
sTPFul8s7VPbimNvCAjREQ,4
LiVAjRUoaVsbndNNMlboNQ,4
VRrCWWyrbVHOoGwy8tt05A,4
R3sAs8qQOFHN8e40WO92Mg,4
sfTLX-wPDRHbvfAE6ouTrQ,4
HfOJOSBc1S2fohsfaenojg,4
Lk5ZH6bPFkZOwwPKTtoB_A,4
BE-KFIx2RObvn3AvpWmtdA,4
_Alpifgd7dEb9IVOgmPQXA,4
cRKpqqTO0yy2GS0JylaRJA,4
NGPPpGQuKG_qN6gxuNIb2g,4
dd7tJQq1l2fctTfdIqIALg,4
RY0zFO3xMOmCf4CXZrkwsw,4
JhyhcQulY1C2rzlvxByR_Q,4
CYDnjoqU2179adycv4atvw,4
7CnZm_jiM-w1SPDqv2EMHg,4
XocZuoFtP1wXABosnQ2xuA,4
-kaRBLiHpspZKVM-Ljo3fA,4
E7uPWqQnPCBEV49YM_eQsA,4
3aHsxazXAiZhM0ZjQqy2jw,4
oWooeFncdJ2ZIvpBxAQWyQ,4
sG2fEPL_hVkS425pYLhzfQ,4
TcAeBpxC1J7SfQKUoTmxDg,4
EynnwZLMJhOyB5rhHzNj_w,4
6bMWAtHLWmwVerUxXfMpOg,4
PT1AQjIshD9oZv0s9K8S5A,4
Z6_SbLY685yqsnnVNJeGbg,4
Z6t_KWybyBWAhBETSusHZw,4
jAwZSrU_CdtTQt7iAqeQyw,4
81srTPK2ZwOJxbzN-b5VJA,4
d_aOwGBxd8w_JXeGQ7gGoQ,4
fY2V8t8BKmcWdrXCAr2raw,4
kzlZzXkqknbjLOioZQpyvQ,4
PN5jqJIVYSAc-rk6mR63jg,4
Eewar4dk0viL5UQPXtC-Cw,4
oY6be2LUJnEoaHWp9G1V4Q,4
29TMxAhqGLs68xRS1qzgew,4
0UYzVhLpc0FBqygNsQ6NHQ,4
v2tdRWNj_aYgkW0gium4qQ,4
V46qR4ugYWMc6wMvLShTmg,4
ymK0TBWqqJPUOMrSPusctw,4
zhS_ibRZpxjFYrJURjTqWw,4
F6hAbH9Ze5QfpW7YmWZ2wg,4
RfGjenwxhCn1UIbBUSnj4Q,4
YWTfG5nDHJw8iunvLHrlcg,4
286UqkIu0CxvDygq_ADi0Q,4
hnq7axbebvN-RxLtdAxodQ,4
eK8oi6jSiyHiAiOFUJmPpA,4
u27__LzwUES6K7TNtuJcfA,4
HdXcFV1NBoECwO7k9Mvymw,4
guHm-p-9uFspQJ2rpXac9w,4
pwoy8JrRd9j_Lhrc8d346g,4
DhiAAH0wt5d-yHuxPdg8rQ,4
HmTdsJc4jbDFEzMrJGpizQ,4
Jz4r307AcFs1Gs35HimLeg,4
M1JGhSBLT7EzL5utxncJ_A,4
5fkdzvsLVwepP7E3K5sE5A,4
AuNbG6zOxfrc-QW5Y-_uTQ,4
8nuornJTZ7CWKeOvtyPXGA,4
AhkNYib2KdojyaY6s3Fzag,4
OnQDDNoJ2ICGspiwZY0m2g,4
T2VxLBY6Fr46R7Xm7gIBSQ,4
EgvAphsx4P1m4tVx8nrCcg,4
a-lf0Q5ymPTPbmwzzN_Pew,4
vKnw2Ne4fJLems9-y9H63A,4
hUgbjg6gaYACAQAXG-DxrA,4
JoXt3ThHzzZf8OExvIHIyQ,4
aw9OI7j7KCYzjDG4AD1YmQ,4
22pCo74Z7ec-rECnVNO7DA,4
rE-wG1OT2BRZ41FuxW2dpA,4
crRDEXqZNKbxuJu5BAIuTA,4
WWyHa_HzOpSgyXPDz3EqjQ,4
j64SlE5k7yFy15xNsCjrKg,4
Pk3sY9ZWJC6vxpyne8YfNQ,4
ihR3ZrKHazNG8Gz4p620Ag,4
jmXJUBXDwuGKg05noexbXw,4
Qt8CVms6-H7uBXFfXKsz0g,4
09l6JGQi-0F53_s1GHzJXw,4
zz-NY-RXskFeBSVavfsyJQ,4
QQRyGb7wNsIV4MOYvRAFpw,4
hfdILRDtyT0_BKBE4WN8mg,4
6Rm8yiJ-AvKs5OBhmwXeDQ,4
nMNPv9VMou64_EQsk_4d-w,4
352w3TbPUBySEIVanzIsag,4
O_SC78ApIwzWjRpkOu0Qng,4
0_thOvOctCRUfXkzQxv7DQ,4
RhRSmfLUO9tkeabElSViKg,4
wUikENYYBHfPw1Mmg8Gb-w,4
o82MLy3CqGhfFijPMg-9dA,4
l-qVDXNBT4wA1TEEd8YSzw,4
w5qyJ8dAquP-NOUuJrKnag,4
0eIp48s9OuZRUfxyWsLnmw,4
fQw_XTTTKqLpFzhFEe4XbQ,4
GPSj1TNx1F6_0IafPtRlRA,4
sF4bWaa_lnDMs1IMoP1o2A,4
70fmYDB1stXkdxURKQxM2A,4
TedDqXfim2lvJat9O5q43Q,4
rQdgAl3gP_-WDZNt1BmS6A,4
McIoEmA0OZMrVSV-UnFODg,4
r808mFQwqaImEVXTujXrGw,4
cOezokPAvqmuCNSQRbjQiQ,4
togbhBG9HeXiqqF_3gCGNA,4
1ahrLhr5SZ1Sfmzrnamw-g,4
hyf3NPRTZSc8hZikyphWjw,4
UVBwEP1Q4gg6RcY6W-A2cg,4
RnhjtpJWCgT7ikuPQPoidg,4
yv4Fp4RTAzWpUtOjYZ8_Ug,4
viwn2Q7f4YoJLsHHIIX3Fg,4
NAmRl0hfG8_uOZ46EF6qtg,4
fOG3Zg6wL-jKxycdU3D5GQ,4
k-55WZDFcMnwYsn8HFINJQ,4
Is14lnYceACOaKkYSxSgug,4
OCp80mrjpxgMXP0Q-qzHdg,4
v0wfxea5IZvZhEYi447IGw,4
ptjIKzXI_5kIOFZgkFWzfw,4
RAmCMrHI_KaqQxNIRHgIhw,4
Ch4DkCGtaxSPfAAWpZlwMg,4
YfgNUth7gyAbbVShiv0Ibg,4
Ay8CZiZXdD3vnCg_xY3xEA,4
PL5r3vMfYDeoQbEiX80__A,4
7tGsiM_fQz9IgoXXzmL29g,4
cZ2lnIWDKYRNYT-5o54kEg,4
i_aQ4v5ciD7waQm9Gr-6_w,4
DlbhWIiLZ-nMPTq6lNTDIA,4
NxWF9fYG0VqU3YFh42wjdQ,4
CViUGJRz2UU6sxB2aD0oGw,4
IM7l8utXCgqAPw7svJc-xg,4
THXT-EOP5ObjQEkuLhi7Dg,4
YgNVJh602JWJC3d0yQkMzg,4
ZIQyn8TRlM70jFmS_11-tw,4
QfORFutK789zwFRLl2cSIg,4
E82TQnIFlUslQFk3ThRPpg,4
CwQljKkFy16XkNwv0tgtkQ,4
hacjEi3BYmmhP7-Mq_dJbw,4
05kPHSzON3rnn-43E9XWaw,4
vYomlInPBCPGbBJko05iBA,4
q9QAj_8FVe19fc74WGBxAg,4
l3tg7RujAC66lVksThfdaA,4
fMqswqLK6h4rqc_6TsHiOA,4
U-EjKf9XykErQTxtpe9W2w,4
IPLgSP31o3jK1GCOubeRdw,4
Rk76SMPHkykJ6kDe_j9wTQ,4
AA2FM7y3FVcYatViUk74Ew,4
5B7mueUwXwHzsg7vHRsYbg,4
am2rsJ7KBIqnur3lfNsEvw,4
j0W0xUulqME8fcKHElhTcQ,4
BFiTv5l9BsCsIO1Ws9mFbQ,4
Qaq1lxz4DpsiG6xw25WbFQ,4
62c1WDnmtkOk3DYsRuyd1g,4
NKlm8klt8eayLJzg-O-aBA,4
mGSGpRss0mEY8CzWX-uoYA,4
OPhLy02eNsmgiwy-r0pmuA,4
ZlfjPmCvDII2ZE40oO7rdw,4
JcFQyaayK74rKaLj_qWJiA,4
_mXl12K3-vHfaCPxe4I_iw,4
nUnptoawM4gLyTIU_kDJxg,4
Rwvjg74Zsp563Kbo3mbXXQ,4
dNEThbs9c9vHC6vQOFWScQ,4
Ts5iTYhTL3EhScNVCAEX_Q,4
tKddUA6OmGRHfVIewpY0qg,4
BfqceTo1_BvOJcddEpSNkw,4
j4hvdyVwJk0mBFvWLQbRSA,4
Kp5li0lHYHxViutvZWoN7g,4
eoQx-oqa4NmP-RJNZbXSfQ,4
ErZO4v4aKjbfnV_pd2TcBg,4
PdE0zn6etAMjgwt1x3BjZg,4
lsEoHiAjQgrFDww1KD84vw,4
hV2VxqKqwftxSGHuC8B6Yg,4
z698ug8e-L_jXnByEZOk4A,4
EMOSefwCd5VkJXYvKq3TJA,4
3RiurcVjlQqQ974izk9_7A,4
LUCPGDeGOfImU630mX8Z7g,4
PK1rBi8gwHgZLKMrY7WdDA,4
bvHl4f1lTaJbMfG8LCruYw,4
Iq46Fe7N4OeY2rKfe362SA,4
S4jkcRTt4EeRQ0F53bl0Pg,4
bviNsk-5rLasBIZUYtaq0w,4
69g4DmF3dRACyAyWmPpegA,4
3RXMp0xDjToUpBphegRKqQ,4
cRDD01EmcujD8cxnhzsv8w,4
-Mpw5tLG2PeU7cQCEhq5pg,4
-bahfJpG81YV4Wr6PZqmsg,4
5tVeuNzn0Hu3X8VLJGz6xQ,4
FfUWiEt7onaggZAJu1VJQw,4
cK6JQabaU9XkyI4a73aNQg,4
CXVGI4F4U43vVhwUOayQ8Q,4
Er3scap9AKbI1GwT44P2Hw,4
tC2AU2Ht6254zuu9vu9Mkg,4
aSn1rtw8oiwBk3ee36XZwQ,4
lvjuEWJ3OLuIpp0RG6QtFQ,4
7ELhlZ3onLB7Z0FfrLMj8g,4
s8hTsttDhXHVtF0n4qARcQ,4
Kn91LiIaMUzV-BUhvbya4g,4
IEJoZ0bkH12Hoht0ODLUhA,4
cepN6NoRQ8zmTcP3eemS_A,4
O5WoU9oLLWy9vxyHdPl1Rg,4
7DmKej4LI0mfOu5iqoYfFQ,4
4VbHMkKS12fpvxprKmELrQ,4
flUuHaks2F4qp_mrT3Ek6g,4
MYgvMfNTOxtxNGXNezdoMw,4
otf5rFSSc1aKMGrm3NI-UQ,4
cz5Qh-x43jTV7n3pKNooCg,4
zVeatfmn_8cJa8O3M4xtvg,4
wPZoqttT862ZhUtvDeVWRw,4
mkG1XB4vy25oXOg-DJCqig,4
qEBZRrHZ_kLGj59N06jnjA,4
kdwdJh6Tq_uYgg11EKm2Lg,4
qEupuaJvsNg6JvTjFtNV2w,4
t2AhsxSGJfSTx4u9AtL4KA,4
DlqFQlYEoIYD8Dn49H84zw,4
fcaw8iduHoALeoR7LmSLKw,4
6oEYrUn-7FG9Jz05Va4Cog,4
87tFzvQUSrkXzrDw9QG4ig,4
1GgGmHT81-iauu9rrpH04A,4
7-iCp8YBDUa3MnsDsrD54w,4
LywEA2Fn0eN0SqfHEU_7JA,4
2cSH_Cvjs_mMSTw3cLmXeQ,4
KUepwMSEuuq5feZJKesHGQ,4
0uNnmfCRxuB6RCmBS6xUdQ,4
R3hwqg7SjRrK_U3W8nKlYw,4
Ul6IST_-KYyiFH09KOpdrg,4
J_DkIsKyBTqsKlOW8ttYhA,4
Mm5DGZtn1Fqde6Y6X5pl0w,4
S6FTy5XTNG8TcfEOk_c0WA,4
sVY7LRO67-F6hbVo2x2SPg,4
PxS1OKKSwA37YqiktrEfvQ,4
mrsSy0wuuCLCBQVALsSjvw,4
Mk9Zs7jgHGHvG4QfNddZHw,4
ZOzOQyIpecnkCp5vpItgjQ,4
HVCXObyNnFdJmAK1qwKVvA,4
wT3JinWbrQs4GiEvBoSsYQ,4
abO7VbLyngawl-FUUKsi9A,4
EDPCl8aPAQi8p4BxSkBLRA,4
unCWsI0iwmBYFFkA-Hm6cQ,4
5UTMhHbTiyXO2WAAsMaCFQ,4
XPp1YwlfffhZ6nQmH_mdsw,4
TnnRO8Z38Pcf8lYBnvD8UA,4
wDUoN8feeiV8-buHN8Uu3g,4
_INGheLKlevyb1bbdU8pMw,4
aTVBy1VEMZd8jM_1vmpNFA,4
e_kl1y32wCXSBg_1BpVRxA,4
WVEw7hGOitBJLh-CRIeBwQ,4
b8TXdTgXFFwsgyNp0Ozr7A,4
pXRuAu0YV7vygYMxMelSzg,4
n-c6TlSgC4eIoKOFop1dbg,4
LFvFJk0SV4h4sy2RS37SMQ,4
7E5GFQ979Wp0hJ15xk08Eg,4
PKZ3e5E9-QqTWlQv2U3uSw,4
ZKRJNgPL_Qs2W1Afz2FPjg,4
giAVTIoVYqpWbsSTekyImA,4
kCabwGqLEw3x-zak7GXFZQ,4
lBTiz7PnxvzwLN8VLt1t-w,4
r7J9tXQty0q4d7c_wDHTDQ,4
y9INdwaGNTQ0CJEeloBR3Q,4
PbKfWQHl8mS-EDzs4zQvAA,4
NVX6X6r8nNb1oL7rrjLcWg,4
w343XhTr2mWxtZV0pPBi9A,4
l7_SmmEkH7Ncm1SGnuPY5g,4
BDtvCpUc0nMnJZA248pQhg,4
fq3cHr9mGE1iwc_Y-Vag-g,4
tKKHFH3jtVTXHU7GMo3p3A,4
EID74Rb8shX6OOWwMRRfKA,4
fuGoS7hZiqgrr0KtMhaLnA,4
4Y_bvhnOKBDj_tj_s_fn3A,4
BEyDoeX2mdgE9Jg2LAPiqw,4
RJmKpXZXXoeF4B4AgdpIOQ,4
DLkmeFviij3OLIbsm1Wtpw,4
bpKNSPW78nn-AZWOjzKXWw,4
NB6CEfZIfrWsyYnDeZAMcw,4
G8doux5m0mb3IlrMnx8Ttw,4
5I43e2vI-sIZ-dHVB5ocLg,4
NNS6_kwKte5eIq-0y2OXwA,4
